rs4765914_CT-3,rs4765914_TT-3,score_3_[0.4-0.6]-3,score_3_[0.6-0.8]-3,score_3_[0.8-0.9]-3,score_3_[0.9-1.0]-3,cohort_control
1,0,0,0,0,1,0
1,0,0,0,0,1,0
0,0,0,0,0,1,0
0,0,0,0,0,1,0
1,0,0,0,0,1,0
1,0,0,0,0,1,0
1,0,0,0,0,1,0
0,0,0,0,0,1,0
0,0,0,0,0,1,0
0,0,0,0,0,1,0
0,0,0,0,0,1,0
0,0,0,0,0,1,0
0,1,0,0,0,1,0
0,0,0,0,0,1,0
0,1,0,0,0,1,0
0,0,0,0,0,1,0
0,0,0,0,0,1,0
0,0,0,0,0,1,0
0,0,0,0,0,1,0
0,0,0,0,0,1,0
0,0,0,0,0,1,0
0,0,0,0,0,1,0
0,0,0,0,0,1,0
0,0,0,0,0,1,0
1,0,0,0,0,1,0
0,0,0,0,0,1,0
0,0,0,0,0,1,0
0,0,0,0,0,1,0
0,0,0,0,0,1,0
1,0,0,0,0,1,0
1,0,0,0,0,1,0
0,0,0,0,0,1,0
1,0,0,0,0,1,0
1,0,0,0,0,1,0
0,0,0,0,0,1,0
1,0,0,0,0,1,0
1,0,0,0,0,1,0
0,0,0,0,0,1,0
0,0,0,0,0,1,0
1,0,0,0,0,1,0
1,0,0,0,0,1,0
0,0,0,0,0,1,0
1,0,0,0,0,1,0
0,0,0,0,0,1,0
0,0,0,0,0,1,0
0,1,0,0,0,1,0
1,0,0,0,0,1,0
0,0,0,0,0,1,0
0,0,0,0,0,1,0
0,0,0,0,0,1,0
0,0,0,0,0,1,0
0,0,0,0,0,1,0
0,0,0,0,0,1,0
0,0,0,0,0,1,0
0,0,0,0,0,1,0
0,0,0,0,0,1,0
0,0,0,0,0,1,0
1,0,0,0,0,1,0
0,0,0,0,0,1,0
1,0,0,0,0,1,0
0,0,0,0,0,1,0
1,0,0,0,0,1,0
0,0,0,0,0,1,0
1,0,0,0,0,1,0
0,0,0,0,0,1,0
0,0,0,0,0,1,0
1,0,0,0,0,1,0
0,0,0,0,0,1,0
0,0,0,0,0,1,0
0,0,0,0,0,1,0
0,0,0,0,0,1,0
0,0,0,0,0,1,0
0,0,0,0,0,1,0
0,0,0,0,0,1,0
1,0,0,0,0,1,0
1,0,0,0,0,1,0
0,0,0,0,0,1,0
0,0,0,0,0,1,0
1,0,0,0,0,1,0
0,0,0,0,0,1,0
0,0,0,0,0,1,0
0,0,0,0,0,1,0
1,0,0,0,0,1,0
0,0,0,0,0,1,0
0,0,0,0,0,1,0
1,0,0,0,0,1,0
0,0,0,0,0,1,0
0,0,0,0,0,1,0
1,0,0,0,0,1,0
0,0,0,0,0,1,0
0,0,0,0,0,1,0
1,0,0,0,0,1,0
0,0,0,0,0,1,0
0,0,0,0,0,1,0
0,0,0,0,0,1,0
0,0,0,0,0,1,0
0,0,0,0,0,1,0
0,0,0,0,0,1,0
0,0,0,0,0,1,0
0,0,0,0,0,1,0
0,0,0,0,0,1,0
1,0,0,0,0,1,0
0,0,0,0,0,1,0
0,0,0,0,0,1,0
0,0,0,0,0,1,0
0,0,0,0,0,1,0
0,0,0,0,0,1,0
0,0,0,0,0,1,0
0,0,0,0,0,1,0
0,0,0,0,0,1,0
0,0,0,0,0,1,0
0,0,0,0,0,1,0
1,0,0,0,0,1,0
0,0,0,0,0,1,0
0,0,0,0,0,1,0
1,0,0,0,0,1,0
1,0,0,0,0,1,0
0,0,0,0,0,1,0
0,0,0,0,0,1,0
0,0,0,0,0,1,0
1,0,0,0,0,1,0
0,0,0,0,0,1,0
1,0,0,0,0,1,0
0,0,0,0,0,1,0
0,0,0,0,0,1,0
0,0,0,0,0,1,0
1,0,0,0,0,1,0
1,0,0,0,0,1,0
0,0,0,0,0,1,0
0,0,0,0,0,1,0
1,0,0,0,0,1,0
0,0,0,0,0,1,0
0,0,0,0,0,1,0
1,0,0,0,0,1,0
1,0,0,0,0,1,0
0,0,0,0,0,1,0
0,0,0,0,0,1,0
1,0,0,0,0,1,0
0,1,0,0,0,1,0
0,0,0,0,0,1,0
1,0,0,0,0,1,0
0,0,0,0,0,1,0
0,0,0,0,0,1,0
0,0,0,0,0,1,0
1,0,0,0,0,1,0
0,0,0,0,0,1,0
1,0,0,0,0,1,0
1,0,0,0,0,1,0
0,0,0,0,0,1,0
1,0,0,0,0,1,0
0,0,0,0,0,1,0
1,0,0,0,0,1,0
0,0,0,0,0,1,0
0,0,0,0,0,1,0
1,0,0,0,0,1,0
0,0,0,0,0,1,0
0,0,0,0,0,1,0
1,0,0,0,0,1,0
0,1,0,0,0,1,0
0,0,0,0,0,1,0
0,0,0,0,0,1,0
0,0,0,0,0,1,0
1,0,0,0,0,1,0
0,0,0,0,0,1,0
1,0,0,0,0,1,0
1,0,0,0,0,1,0
0,0,0,0,0,1,0
1,0,0,0,0,1,0
0,0,0,0,0,1,0
1,0,0,0,0,1,0
0,0,0,0,0,1,0
0,0,0,0,0,1,0
0,0,0,0,0,1,0
1,0,0,0,0,1,0
0,0,0,0,0,1,0
0,0,0,0,0,1,0
0,0,0,0,0,1,0
1,0,0,0,0,1,0
0,0,0,0,0,1,0
0,0,0,0,0,1,0
1,0,0,0,0,1,0
0,0,0,0,0,1,0
0,0,0,0,0,1,0
1,0,0,0,0,1,0
0,0,0,0,0,1,0
1,0,0,0,0,1,0
0,0,0,0,0,1,0
0,0,0,0,0,1,0
1,0,0,0,0,1,0
0,0,0,0,0,1,0
0,0,0,0,0,1,0
1,0,0,0,0,1,0
0,0,0,0,0,1,0
0,0,0,0,0,1,0
0,0,0,0,0,1,0
0,0,0,0,0,1,0
0,0,0,0,0,1,0
0,1,0,0,0,1,0
0,0,0,0,0,1,0
1,0,0,0,0,1,0
0,0,0,0,0,1,0
1,0,0,0,0,1,0
0,0,0,0,0,1,0
0,0,0,0,0,1,0
0,0,0,0,0,1,0
0,0,0,0,0,1,0
0,0,0,0,0,1,0
1,0,0,0,0,1,0
1,0,0,0,0,1,0
0,0,0,0,0,1,0
1,0,0,0,0,1,0
1,0,0,0,0,1,0
1,0,0,0,0,1,0
1,0,0,0,0,1,0
1,0,0,0,0,1,0
1,0,0,0,0,1,0
1,0,0,0,0,1,0
0,1,0,0,0,1,0
0,0,0,0,0,1,0
1,0,0,0,0,1,0
1,0,0,0,0,1,0
1,0,0,0,0,1,0
0,0,0,0,0,1,0
0,0,0,0,0,1,0
0,0,0,0,0,1,0
0,0,0,0,0,1,0
1,0,0,0,0,1,0
0,0,0,0,0,1,0
1,0,0,0,0,1,0
0,1,0,0,0,1,0
1,0,0,0,0,1,0
0,0,0,0,0,1,0
0,0,0,0,0,1,0
0,0,0,0,0,1,0
0,0,0,0,0,1,0
1,0,0,0,0,1,0
0,0,0,0,0,1,0
0,0,0,0,0,1,0
0,0,0,0,0,1,0
0,0,0,0,0,1,0
0,0,0,0,0,1,0
1,0,0,0,0,1,0
1,0,0,0,0,1,0
0,0,0,0,0,1,0
0,0,0,0,0,1,0
1,0,0,0,0,1,0
1,0,0,0,0,1,0
0,0,0,0,0,1,0
0,0,0,0,0,1,0
0,0,0,0,0,1,0
1,0,0,0,0,1,0
0,0,0,0,0,1,0
0,0,0,0,0,1,0
0,0,0,0,0,1,0
1,0,0,0,0,1,0
0,0,0,0,0,1,0
1,0,0,0,0,1,0
0,0,0,0,0,1,0
1,0,0,0,0,1,0
1,0,0,0,0,1,0
0,0,0,0,0,1,0
0,0,0,0,0,1,0
1,0,0,0,0,1,0
1,0,0,0,0,1,0
0,0,0,0,0,1,0
0,0,0,0,0,1,0
0,0,0,0,0,1,0
1,0,0,0,0,1,0
0,0,0,0,0,1,0
0,0,0,0,0,1,0
0,0,0,0,0,1,0
0,0,0,0,0,1,0
1,0,0,0,0,1,0
0,0,0,0,0,1,0
0,0,0,0,0,1,0
0,0,0,0,0,1,0
0,0,0,0,0,1,0
0,0,0,0,0,1,0
0,0,0,0,0,1,0
0,0,0,0,0,1,0
0,0,0,0,0,1,0
1,0,0,0,0,1,0
1,0,0,0,0,1,0
0,0,0,0,0,1,0
0,0,0,0,0,1,0
0,0,0,0,0,1,0
0,0,0,0,0,1,0
0,1,0,0,0,1,0
1,0,0,0,0,1,0
1,0,0,0,0,1,0
0,0,0,0,0,1,0
1,0,0,0,0,1,0
1,0,0,0,0,1,0
0,0,0,0,0,1,0
1,0,0,0,0,1,0
1,0,0,0,0,1,0
1,0,0,0,0,1,0
1,0,0,0,0,1,0
0,0,0,0,0,1,0
1,0,0,0,0,1,0
0,0,0,0,0,1,0
0,0,0,0,0,1,0
0,0,0,0,0,1,0
1,0,0,0,0,1,0
0,0,0,0,0,1,0
0,1,0,0,0,1,0
0,0,0,0,0,1,0
0,0,0,0,0,1,0
0,0,0,0,0,1,0
1,0,0,0,0,1,0
0,0,0,0,0,1,0
0,0,0,0,0,1,0
1,0,0,0,0,1,0
0,1,0,0,0,1,0
1,0,0,0,0,1,0
0,0,0,0,0,1,0
0,0,0,0,0,1,0
0,0,0,0,0,1,0
1,0,0,0,0,1,0
0,0,0,0,0,1,0
0,0,0,0,0,1,0
0,0,0,0,0,1,0
1,0,0,0,0,1,0
1,0,0,0,0,1,0
1,0,0,0,0,1,0
0,0,0,0,0,1,0
0,1,0,0,0,1,0
0,0,0,0,0,1,0
0,0,0,0,0,1,0
1,0,0,0,0,1,0
0,1,0,0,0,1,0
1,0,0,0,0,1,0
1,0,0,0,0,1,0
0,0,0,0,0,1,0
0,0,0,0,0,1,0
0,0,0,0,0,1,0
0,0,0,0,0,1,0
0,0,0,0,0,1,0
1,0,0,0,0,1,0
0,0,0,0,0,1,0
0,0,0,0,0,1,0
0,0,0,0,0,1,0
0,1,0,0,0,1,0
0,1,0,0,0,1,0
0,0,0,0,0,1,0
0,0,0,0,0,1,0
0,0,0,0,0,1,0
0,0,0,0,0,1,0
1,0,0,0,0,1,0
0,0,0,0,0,1,0
0,0,0,0,0,1,0
0,1,0,0,0,1,0
1,0,0,0,0,1,0
0,0,0,0,0,1,0
0,0,0,0,0,1,0
0,0,0,0,0,1,0
0,0,0,0,0,1,0
0,0,0,0,0,1,0
1,0,0,0,0,1,0
0,0,0,0,0,1,0
0,0,0,0,0,1,0
1,0,0,0,0,1,0
0,0,0,0,0,1,0
1,0,0,0,0,1,0
0,0,0,0,0,1,0
1,0,0,0,0,1,0
1,0,0,0,0,1,0
1,0,0,0,0,1,0
1,0,0,0,0,1,0
0,0,0,0,0,1,0
0,1,0,0,0,1,0
0,0,0,0,0,1,0
0,0,0,0,0,1,0
0,0,0,0,0,1,0
0,0,0,0,0,1,0
1,0,0,0,0,1,0
1,0,0,0,0,1,0
1,0,0,0,0,1,0
1,0,0,0,0,1,0
0,0,0,0,0,1,0
0,0,0,0,0,1,0
0,0,0,0,0,1,0
1,0,0,0,0,1,0
0,0,0,0,0,1,0
0,0,0,0,0,1,0
0,0,0,0,0,1,0
1,0,0,0,0,1,0
0,0,0,0,0,1,0
1,0,0,0,0,1,0
0,0,0,0,0,1,0
0,0,0,0,0,1,0
0,0,0,0,0,1,0
0,1,0,0,0,1,0
0,0,0,0,0,1,0
0,0,0,0,0,1,0
0,0,0,0,0,1,0
1,0,0,0,0,1,0
1,0,0,0,0,1,0
0,0,0,0,0,1,0
0,0,0,0,0,1,0
0,0,0,0,0,1,0
0,0,0,0,0,1,0
0,0,0,0,0,1,0
0,0,0,0,0,1,0
1,0,0,0,0,1,0
0,0,0,0,0,1,0
0,0,0,0,0,1,0
1,0,0,0,0,1,0
0,0,0,0,0,1,0
1,0,0,0,0,1,0
0,0,0,0,0,1,0
1,0,0,0,0,1,0
0,0,0,0,0,1,0
1,0,0,0,0,1,0
0,0,0,0,0,1,0
0,1,0,0,0,1,0
1,0,0,0,0,1,0
1,0,0,0,0,1,0
1,0,0,0,0,1,0
0,0,0,0,0,1,0
0,0,0,0,0,1,0
0,0,0,0,0,1,0
0,0,0,0,0,1,0
1,0,0,0,0,1,0
1,0,0,0,0,1,0
0,0,0,0,0,1,0
0,0,0,0,0,1,0
0,0,0,0,0,1,0
0,0,0,0,0,1,0
1,0,0,0,0,1,0
0,0,0,0,0,1,0
0,0,0,0,0,1,0
0,0,0,0,0,1,0
1,0,0,0,0,1,0
1,0,0,0,0,1,0
1,0,0,0,0,1,0
0,0,0,0,0,1,0
0,0,0,0,0,1,0
1,0,0,0,0,1,0
0,0,0,0,0,1,0
0,0,0,0,0,1,0
0,0,0,0,0,1,0
0,0,0,0,0,1,0
0,0,0,0,0,1,0
1,0,0,0,0,1,0
1,0,0,0,0,1,0
0,0,0,0,0,1,0
0,0,0,0,0,1,0
1,0,0,0,0,1,0
0,0,0,0,0,1,0
1,0,0,0,0,1,0
1,0,0,0,0,1,0
0,0,0,0,0,1,0
1,0,0,0,0,1,0
0,0,0,0,0,1,0
0,0,0,0,0,1,0
0,0,0,0,0,1,0
0,0,0,0,0,1,0
0,0,0,0,0,1,0
0,0,0,0,0,1,0
1,0,0,0,0,1,0
0,1,0,0,0,1,0
0,0,0,0,0,1,0
1,0,0,0,0,1,0
0,0,0,0,0,1,0
0,0,0,0,0,1,0
0,0,0,0,0,1,0
1,0,0,0,0,1,0
1,0,0,0,0,1,0
0,0,0,0,0,1,0
0,0,0,0,0,1,0
0,0,0,0,0,1,0
1,0,0,0,0,1,0
1,0,0,0,0,1,0
0,0,0,0,0,1,0
1,0,0,0,0,1,0
0,0,0,0,0,1,0
1,0,0,0,0,1,0
0,0,0,0,0,1,0
1,0,0,0,0,1,0
1,0,0,0,0,1,0
0,0,0,0,0,1,0
1,0,0,0,0,1,0
0,0,0,0,0,1,0
0,1,0,0,0,1,0
0,1,0,0,0,1,0
0,0,0,0,0,1,0
0,0,0,0,0,1,0
1,0,0,0,0,1,0
1,0,0,0,0,1,0
1,0,0,0,0,1,0
1,0,0,0,0,1,0
1,0,0,0,0,1,0
0,0,0,0,0,1,0
1,0,0,0,0,1,0
1,0,0,0,0,1,0
0,0,0,0,0,1,0
0,0,0,0,0,1,0
1,0,0,0,0,1,0
0,0,0,0,0,1,0
1,0,0,0,0,1,0
0,1,0,0,0,1,0
0,0,0,0,0,1,0
0,0,0,0,0,1,0
0,0,0,0,0,1,0
1,0,0,0,0,1,0
0,0,0,0,0,1,0
1,0,0,0,0,1,0
0,0,0,0,0,1,0
1,0,0,0,0,1,0
0,0,0,0,0,1,0
0,0,0,0,0,1,0
0,0,0,0,0,1,0
0,0,0,0,0,1,0
0,0,0,0,0,1,0
0,0,0,0,0,1,0
0,0,0,0,0,1,0
1,0,0,0,0,1,0
0,0,0,0,0,1,0
0,0,0,0,0,1,0
1,0,0,0,0,1,0
1,0,0,0,0,1,0
1,0,0,0,0,1,0
0,0,0,0,0,1,0
0,0,0,0,0,1,0
1,0,0,0,0,1,0
0,0,0,0,0,1,0
0,0,0,0,0,1,0
0,0,0,0,0,1,0
0,0,0,0,0,1,0
0,0,0,0,0,1,0
0,0,0,0,0,1,0
1,0,0,0,0,1,0
1,0,0,0,0,1,0
0,0,0,0,0,1,0
1,0,0,0,0,1,0
0,0,0,0,0,1,0
1,0,0,0,0,1,0
0,1,0,0,0,1,0
0,0,0,0,0,1,0
0,0,0,0,0,1,0
1,0,0,0,0,1,0
0,0,0,0,0,1,0
0,0,0,0,0,1,0
1,0,0,0,0,1,0
0,0,0,0,0,1,0
1,0,0,0,0,1,0
0,0,0,0,0,1,0
1,0,0,0,0,1,0
0,0,0,0,0,1,0
0,0,0,0,0,1,0
1,0,0,0,0,1,0
0,0,0,0,0,1,0
1,0,0,0,0,1,0
0,0,0,0,0,1,0
0,0,0,0,0,1,0
0,0,0,0,0,1,0
1,0,0,0,0,1,0
0,0,0,0,0,1,0
1,0,0,0,0,1,0
0,0,0,0,0,1,0
1,0,0,0,0,1,0
1,0,0,0,0,1,0
0,0,0,0,0,1,0
0,0,0,0,0,1,0
0,0,0,0,0,1,0
0,0,0,0,0,1,0
1,0,0,0,0,1,0
1,0,0,0,0,1,0
0,0,0,0,0,1,0
0,0,0,0,0,1,0
0,0,0,0,0,1,0
0,1,0,0,0,1,0
0,0,0,0,0,1,0
1,0,0,0,0,1,0
1,0,0,0,0,1,0
0,0,0,0,0,1,0
1,0,0,0,0,1,0
1,0,0,0,0,1,0
1,0,0,0,0,1,0
0,0,0,0,0,1,0
0,0,0,0,0,1,0
1,0,0,0,0,1,0
1,0,0,0,0,1,0
0,0,0,0,0,1,0
0,0,0,0,0,1,0
0,0,0,0,0,1,0
1,0,0,0,0,1,0
0,0,0,0,0,1,0
1,0,0,0,0,1,0
1,0,0,0,0,1,0
0,0,0,0,0,1,0
0,0,0,0,0,1,0
0,0,0,0,0,1,0
0,0,0,0,0,1,0
0,0,0,0,0,1,0
0,0,0,0,0,1,0
1,0,0,0,0,1,0
0,0,0,0,0,1,0
1,0,0,0,0,1,0
0,0,0,0,0,1,0
0,0,0,0,0,1,0
1,0,0,0,0,1,0
0,1,0,0,0,1,0
0,0,0,0,0,1,0
1,0,0,0,0,1,0
1,0,0,0,0,1,0
0,0,0,0,0,1,0
0,0,0,0,0,1,0
0,0,0,0,0,1,0
1,0,0,0,0,1,0
0,0,0,0,0,1,0
0,0,0,0,0,1,0
0,1,0,0,0,1,0
0,0,0,0,0,1,0
0,1,0,0,0,1,0
0,0,0,0,0,1,0
0,0,0,0,0,1,0
1,0,0,0,0,1,0
0,0,0,0,0,1,0
1,0,0,0,0,1,0
1,0,0,0,0,1,0
0,0,0,0,0,1,0
0,0,0,0,0,1,0
0,0,0,0,0,1,0
1,0,0,0,0,1,0
1,0,0,0,0,1,0
1,0,0,0,0,1,0
0,1,0,0,0,1,0
1,0,0,0,0,1,0
1,0,0,0,0,1,0
1,0,0,0,0,1,0
1,0,0,0,0,1,0
0,0,0,0,0,1,0
1,0,0,0,0,1,0
1,0,0,0,0,1,0
0,0,0,0,0,1,0
1,0,0,0,0,1,0
1,0,0,0,0,1,0
0,0,0,0,0,1,0
0,0,0,0,0,1,0
1,0,0,0,0,1,0
0,0,0,0,0,1,0
0,0,0,0,0,1,0
0,0,0,0,0,1,0
0,0,0,0,0,1,0
0,0,0,0,0,1,0
0,0,0,0,0,1,0
0,0,0,0,0,1,0
1,0,0,0,0,1,0
1,0,0,0,0,1,0
1,0,0,0,0,1,0
0,0,0,0,0,1,0
1,0,0,0,0,1,0
0,0,0,0,0,1,0
0,0,0,0,0,1,0
1,0,0,0,0,1,0
0,0,0,0,0,1,0
1,0,0,0,0,1,0
0,0,0,0,0,1,0
0,0,0,0,0,1,0
0,0,0,0,0,1,0
0,0,0,0,0,1,0
1,0,0,0,0,1,0
0,0,0,0,0,1,0
0,0,0,0,0,1,0
0,0,0,0,0,1,0
1,0,0,0,0,1,0
0,0,0,0,0,1,0
0,0,0,0,0,1,0
0,0,0,0,0,1,0
0,0,0,0,0,1,0
0,0,0,0,0,1,0
1,0,0,0,0,1,0
0,0,0,0,0,1,0
0,0,0,0,0,1,0
0,0,0,0,0,1,0
1,0,0,0,0,1,0
0,1,0,0,0,1,0
0,0,0,0,0,1,0
1,0,0,0,0,1,0
0,0,0,0,0,1,0
0,0,0,0,0,1,0
1,0,0,0,0,1,0
0,0,0,0,0,1,0
0,1,0,0,0,1,0
0,0,0,0,0,1,0
1,0,0,0,0,1,0
1,0,0,0,0,1,0
0,0,0,0,0,1,0
0,0,0,0,0,1,0
1,0,0,0,0,1,0
0,0,0,0,0,1,0
0,0,0,0,0,1,0
0,1,0,0,0,1,0
1,0,0,0,0,1,0
1,0,0,0,0,1,0
0,0,0,0,0,1,0
1,0,0,0,0,1,0
0,0,0,0,0,1,0
0,0,0,0,0,1,0
0,0,0,0,0,1,0
0,0,0,0,0,1,0
0,0,0,0,0,1,0
1,0,0,0,0,1,0
1,0,0,0,0,1,0
0,0,0,0,0,1,0
0,0,0,0,0,1,0
0,0,0,0,0,1,0
0,1,0,0,0,1,0
0,0,0,0,0,1,0
0,0,0,0,0,1,0
0,0,0,0,0,1,0
1,0,0,0,0,1,0
0,0,0,0,0,1,0
0,0,0,0,0,1,0
1,0,0,0,0,1,0
1,0,0,0,0,1,0
1,0,0,0,0,1,0
0,1,0,0,0,1,0
0,0,0,0,0,1,0
0,0,0,0,0,1,0
0,0,0,0,0,1,0
0,0,0,0,0,1,0
0,0,0,0,0,1,0
0,0,0,0,0,1,0
0,0,0,0,0,1,0
1,0,0,0,0,1,0
1,0,0,0,0,1,0
0,0,0,0,0,1,0
1,0,0,0,0,1,0
0,0,0,0,0,1,0
0,0,0,0,0,1,0
0,0,0,0,0,1,0
0,0,0,0,0,1,0
0,0,0,0,0,1,0
1,0,0,0,0,1,0
0,1,0,0,0,1,0
0,0,0,0,0,1,0
0,1,0,0,0,1,0
0,0,0,0,0,1,0
1,0,0,0,0,1,0
1,0,0,0,0,1,0
0,0,0,0,0,1,0
0,1,0,0,0,1,0
0,0,0,0,0,1,0
0,0,0,0,0,1,0
1,0,0,0,0,1,0
0,0,0,0,0,1,0
0,0,0,0,0,1,0
1,0,0,0,0,1,0
0,0,0,0,0,1,0
0,0,0,0,0,1,0
0,0,0,0,0,1,0
1,0,0,0,0,1,0
1,0,0,0,0,1,0
1,0,0,0,0,1,0
0,0,0,0,0,1,0
0,0,0,0,0,1,0
0,1,0,0,0,1,0
0,0,0,0,0,1,0
0,0,0,0,0,1,0
0,0,0,0,0,1,0
1,0,0,0,0,1,0
1,0,0,0,0,1,0
0,0,0,0,0,1,0
1,0,0,0,0,1,0
1,0,0,0,0,1,0
1,0,0,0,0,1,0
1,0,0,0,0,1,0
1,0,0,0,0,1,0
0,0,0,0,0,1,0
0,0,0,0,0,1,0
0,0,0,0,0,1,0
0,1,0,0,0,1,0
0,0,0,0,0,1,0
0,0,0,0,0,1,0
0,0,0,0,0,1,0
1,0,0,0,0,1,0
0,0,0,0,0,1,0
0,0,0,0,0,1,0
0,0,0,0,0,1,0
1,0,0,0,0,1,0
0,0,0,0,0,1,0
0,0,0,0,0,1,0
0,1,0,0,0,1,0
0,0,0,0,0,1,0
0,0,0,0,0,1,0
0,0,0,0,0,1,0
1,0,0,0,0,1,0
0,1,0,0,0,1,0
0,0,0,0,0,1,0
0,0,0,0,0,1,0
0,0,0,0,0,1,0
0,0,0,0,0,1,0
0,0,0,0,0,1,0
0,0,0,0,0,1,0
1,0,0,0,0,1,0
1,0,0,0,0,1,0
0,0,0,0,0,1,0
0,1,0,0,0,1,0
0,0,0,0,0,1,0
0,0,0,0,0,1,0
0,0,0,0,0,1,0
1,0,0,0,0,1,0
0,0,0,0,0,1,0
1,0,0,0,0,1,0
0,0,0,0,0,1,0
0,0,0,0,0,1,0
0,0,0,0,0,1,0
0,0,0,0,0,1,0
1,0,0,0,0,1,0
0,0,0,0,0,1,0
0,0,0,0,0,1,0
0,0,0,0,0,1,0
0,0,0,0,0,1,0
0,0,0,0,0,1,0
0,1,0,0,0,1,0
0,0,0,0,0,1,0
0,0,0,0,0,1,0
0,0,0,0,0,1,0
0,0,0,0,0,1,0
0,0,0,0,1,0,0
1,0,0,0,0,1,0
0,0,0,0,0,1,0
0,0,0,0,0,1,0
0,0,0,0,0,1,0
0,0,0,0,0,1,0
0,0,0,0,0,1,0
0,0,0,0,0,1,0
0,0,0,0,0,1,0
1,0,0,0,0,1,0
1,0,0,0,0,1,0
0,0,0,0,0,1,0
0,0,0,0,0,1,0
1,0,0,0,0,1,0
0,0,0,0,0,1,0
0,0,0,0,0,1,0
0,0,0,0,0,1,0
1,0,0,0,0,1,0
0,0,0,0,0,1,0
0,0,0,0,0,1,0
0,0,0,0,0,1,0
0,0,0,0,0,1,0
1,0,0,0,0,1,0
0,0,0,0,0,1,0
0,0,0,0,0,1,0
1,0,0,0,0,1,0
1,0,0,0,0,1,0
0,0,0,0,0,1,0
0,0,0,0,0,1,0
1,0,0,0,0,1,0
0,0,0,0,0,1,0
1,0,0,0,0,1,0
0,0,0,0,0,1,0
0,0,0,0,0,1,0
1,0,0,0,0,1,0
0,1,0,0,0,1,0
0,1,0,0,0,1,0
0,0,0,0,0,1,0
1,0,0,0,0,1,0
1,0,0,0,0,1,0
1,0,0,0,0,1,0
0,1,0,0,0,1,0
1,0,0,0,0,1,0
1,0,0,0,0,1,0
1,0,0,0,0,1,0
0,0,0,0,0,1,0
0,0,0,0,0,1,0
1,0,0,0,0,1,0
1,0,0,0,0,1,0
0,0,0,0,0,1,0
0,0,0,0,0,1,0
0,1,0,0,0,1,0
0,0,0,0,0,1,0
0,0,0,0,0,1,0
0,0,0,0,0,1,0
0,0,0,0,0,1,0
1,0,0,0,0,1,0
1,0,0,0,0,1,0
0,0,0,0,0,1,0
0,0,0,0,0,1,0
0,0,0,0,0,1,0
1,0,0,0,0,1,0
1,0,0,0,0,1,0
0,0,0,0,0,1,0
0,0,0,0,0,1,0
1,0,0,0,0,1,0
0,0,0,0,0,1,0
1,0,0,0,0,1,0
1,0,0,0,0,1,0
1,0,0,0,0,1,0
1,0,0,0,0,1,0
0,0,0,0,0,1,0
0,0,0,0,0,1,0
0,0,0,0,0,1,0
0,0,0,0,0,1,0
1,0,0,0,0,1,0
0,0,0,0,0,1,0
1,0,0,0,0,1,0
0,0,0,0,0,1,0
1,0,0,0,0,1,0
0,0,0,0,0,1,0
1,0,0,0,0,1,0
1,0,0,0,0,1,0
1,0,0,0,0,1,0
1,0,0,0,0,1,0
1,0,0,0,0,1,0
0,1,0,0,0,1,0
0,0,0,0,0,1,0
1,0,0,0,0,1,0
1,0,0,0,0,1,0
0,0,0,0,0,1,0
1,0,0,0,0,1,0
0,0,0,0,0,1,0
0,0,0,0,0,1,0
0,0,0,0,0,1,0
1,0,0,0,0,1,0
0,0,0,0,0,1,0
1,0,0,0,0,1,0
0,0,0,0,0,1,0
0,0,0,0,0,1,0
1,0,0,0,0,1,0
1,0,0,0,0,1,0
0,0,0,0,0,1,0
0,0,0,0,0,1,0
0,0,0,0,0,1,0
1,0,0,0,0,1,0
0,0,0,0,0,1,0
0,1,0,0,0,1,0
0,0,0,0,0,1,0
1,0,0,0,0,1,0
1,0,0,0,0,1,0
0,0,0,0,0,1,0
0,0,0,0,0,1,0
0,0,0,0,0,1,0
0,0,0,0,0,1,0
1,0,0,0,0,1,0
0,0,0,0,0,1,0
0,0,0,0,0,1,0
1,0,0,0,0,1,0
1,0,0,0,0,1,0
0,0,0,0,0,1,0
1,0,0,0,0,1,0
0,0,0,0,0,1,0
0,0,0,0,0,1,0
0,0,0,0,0,1,0
1,0,0,0,0,1,0
0,0,0,0,0,1,0
0,0,0,0,0,1,0
1,0,0,0,0,1,0
0,0,0,0,0,1,0
1,0,0,0,0,1,0
1,0,0,0,0,1,0
0,0,0,0,0,1,0
1,0,0,0,0,1,0
0,1,0,0,0,1,0
0,0,0,0,0,1,0
0,0,0,0,0,1,0
0,0,0,0,0,1,0
1,0,0,0,0,1,0
0,0,0,0,0,1,0
0,0,0,0,0,1,0
1,0,0,0,0,1,0
0,0,0,0,0,1,0
0,0,0,0,0,1,0
0,0,0,0,0,1,0
1,0,0,0,0,1,0
0,0,0,0,0,1,0
0,0,0,0,0,1,0
1,0,0,0,0,1,0
0,0,0,0,0,1,0
1,0,0,0,0,1,0
1,0,0,0,0,1,0
0,0,0,0,0,1,0
0,0,0,0,0,1,0
1,0,0,0,0,1,0
0,0,0,0,0,1,0
1,0,0,0,0,1,0
0,0,0,0,0,1,0
0,0,0,0,0,1,0
0,1,0,0,0,1,0
0,1,0,0,0,1,0
0,0,0,0,0,1,0
0,1,0,0,0,1,0
0,0,0,0,0,1,0
1,0,0,0,0,1,0
1,0,0,0,0,1,0
0,0,0,0,0,1,0
0,0,0,0,0,1,0
1,0,0,0,0,1,0
0,0,0,0,0,1,0
0,0,0,0,0,1,0
0,0,0,0,0,1,0
0,0,0,0,0,1,0
0,0,0,0,0,1,0
0,0,0,0,0,1,0
0,0,0,0,0,1,0
1,0,0,0,0,1,0
1,0,0,0,0,1,0
1,0,0,0,0,1,0
0,0,0,0,0,1,0
0,0,0,0,0,1,0
0,0,0,0,0,1,0
1,0,0,0,0,1,0
1,0,0,0,0,1,0
0,0,0,0,0,1,0
1,0,0,0,0,1,0
0,0,0,0,0,1,0
0,1,0,0,0,1,0
0,0,0,0,0,1,0
0,0,0,0,0,1,0
0,0,0,0,0,1,0
0,0,0,0,0,1,0
1,0,0,0,0,1,0
1,0,0,0,0,1,0
0,0,0,0,0,1,0
0,0,0,0,0,1,0
0,1,0,0,0,1,0
0,0,0,0,0,1,0
0,0,0,0,0,1,0
0,0,0,0,0,1,0
1,0,0,0,0,1,0
1,0,0,0,0,1,0
1,0,0,0,0,1,0
0,0,0,0,0,1,0
1,0,0,0,0,1,0
0,0,0,0,0,1,0
0,1,0,0,0,1,0
1,0,0,0,0,1,0
0,0,0,0,0,1,0
1,0,0,0,0,1,0
0,0,0,0,0,1,0
0,0,0,0,0,1,0
0,0,0,0,0,1,0
0,0,0,0,0,1,0
0,0,0,0,0,1,0
0,0,0,0,0,1,0
0,0,0,0,0,1,0
0,0,0,0,0,1,0
0,0,0,0,0,1,0
0,0,0,0,0,1,0
0,0,0,0,0,1,0
0,0,0,0,0,1,0
1,0,0,0,0,1,0
0,1,0,0,0,1,0
1,0,0,0,0,1,0
0,0,0,0,0,1,0
0,0,0,0,0,1,0
1,0,0,0,0,1,0
0,0,0,0,0,1,0
0,0,0,0,0,1,0
1,0,0,0,0,1,0
1,0,0,0,0,1,0
0,0,0,0,0,1,0
0,1,0,0,0,1,0
1,0,0,0,0,1,0
1,0,0,0,0,1,0
0,0,0,0,0,1,0
0,0,0,0,0,1,0
0,0,0,0,0,1,0
0,0,0,0,0,1,0
0,0,0,0,0,1,0
1,0,0,0,0,1,0
1,0,0,0,0,1,0
0,0,0,0,0,1,0
0,0,0,0,0,1,0
1,0,0,0,0,1,0
0,0,0,0,0,1,0
1,0,0,0,0,1,0
1,0,0,0,0,1,0
1,0,0,0,0,1,0
0,0,0,0,0,1,0
0,0,0,0,0,1,0
0,0,0,0,0,1,0
1,0,0,0,0,1,0
0,0,0,0,0,1,0
0,0,0,0,0,1,0
0,0,0,0,0,1,0
1,0,0,0,0,1,0
0,0,0,0,0,1,0
0,0,0,0,0,1,0
1,0,0,0,0,1,0
0,0,0,0,0,1,0
0,0,0,0,0,1,0
0,0,0,0,0,1,0
1,0,0,0,0,1,0
0,0,0,0,0,1,0
1,0,0,0,0,1,0
0,0,0,0,0,1,0
1,0,0,0,0,1,0
0,0,0,0,0,1,0
1,0,0,0,0,1,0
1,0,0,0,0,1,0
0,0,0,0,0,1,0
1,0,0,0,0,1,0
0,0,0,0,0,1,0
1,0,0,0,0,1,0
0,0,0,0,0,1,0
1,0,0,0,0,1,0
0,0,0,0,0,1,0
1,0,0,0,0,1,0
0,0,0,0,0,1,0
0,0,0,0,0,1,0
0,0,0,0,0,1,0
0,0,0,0,0,1,0
0,0,0,0,0,1,0
0,0,0,0,0,1,0
1,0,0,0,0,1,0
1,0,0,0,0,1,0
0,0,0,0,0,1,0
1,0,0,0,0,1,0
1,0,0,0,0,1,0
0,0,0,0,0,1,0
0,0,0,0,0,1,0
0,0,0,0,0,1,0
0,0,0,0,0,1,0
1,0,0,0,0,1,0
1,0,0,0,0,1,0
0,0,0,0,0,1,0
0,0,0,0,0,1,0
1,0,0,0,0,1,0
0,0,0,0,0,1,0
0,0,0,0,0,1,0
0,0,0,0,0,1,0
0,0,0,0,0,1,0
0,0,0,0,0,1,0
1,0,0,0,0,1,0
0,0,0,0,0,1,0
0,0,0,0,0,1,0
0,0,0,0,0,1,0
0,0,0,0,0,1,0
1,0,0,0,0,1,0
1,0,0,0,0,1,0
1,0,0,0,0,1,0
0,0,0,0,0,1,0
1,0,0,0,0,1,0
0,0,0,0,0,1,0
0,0,0,0,0,1,0
0,0,0,0,0,1,0
1,0,0,0,0,1,0
1,0,0,0,0,1,0
1,0,0,0,0,1,0
0,0,0,0,0,1,0
1,0,0,0,0,1,0
1,0,0,0,0,1,0
0,0,0,0,0,1,0
0,0,0,0,0,1,0
1,0,0,0,0,1,0
0,0,0,0,0,1,0
0,0,0,0,0,1,0
0,0,0,0,0,1,0
0,0,0,0,0,1,0
0,0,0,0,0,1,0
1,0,0,0,0,1,0
1,0,0,0,0,1,0
0,0,0,0,0,1,0
0,0,0,0,0,1,0
1,0,0,0,0,1,0
0,0,0,0,0,1,0
1,0,0,0,0,1,0
0,0,0,0,0,1,0
0,0,0,0,0,1,0
1,0,0,0,0,1,0
0,0,0,0,0,1,0
1,0,0,0,0,1,0
0,0,0,0,0,1,0
0,0,0,0,0,1,0
0,0,0,0,0,1,0
1,0,0,0,0,1,0
1,0,0,0,0,1,0
0,0,0,0,0,1,0
1,0,0,0,0,1,0
0,0,0,0,0,1,0
0,1,0,0,0,1,0
0,0,0,0,0,1,0
1,0,0,0,0,1,0
0,0,0,0,0,1,0
0,0,0,0,0,1,0
0,0,0,0,0,1,0
0,0,0,0,0,1,0
0,0,0,0,0,1,0
0,0,0,0,0,1,0
1,0,0,0,0,1,0
0,0,0,0,0,1,0
0,0,0,0,0,1,0
1,0,0,0,0,1,0
0,1,0,0,0,1,0
0,0,0,0,0,1,0
0,0,0,0,0,1,0
0,0,0,0,0,1,0
0,1,0,0,0,1,0
0,0,0,0,0,1,0
0,1,0,0,0,1,0
1,0,0,0,0,1,0
0,0,0,0,0,1,0
0,1,0,0,0,1,0
0,0,0,0,0,1,0
0,1,0,0,0,1,0
1,0,0,0,0,1,0
1,0,0,0,0,1,0
0,0,0,0,0,1,0
1,0,0,0,0,1,0
0,0,0,0,0,1,0
1,0,0,0,0,1,0
1,0,0,0,0,1,0
1,0,0,0,0,1,0
0,0,0,0,0,1,0
0,0,0,0,0,1,0
0,0,0,0,0,1,0
0,0,0,0,0,1,0
1,0,0,0,0,1,0
0,0,0,0,0,1,0
1,0,0,0,0,1,0
1,0,0,0,0,1,0
0,0,0,0,0,1,0
1,0,0,0,0,1,0
0,0,0,0,0,1,0
0,0,0,0,0,1,0
0,0,0,0,0,1,0
1,0,0,0,0,1,0
1,0,0,0,0,1,0
0,0,0,0,0,1,0
1,0,0,0,0,1,0
1,0,0,0,0,1,0
0,0,0,0,0,1,0
0,0,0,0,0,1,0
1,0,0,0,0,1,0
1,0,0,0,0,1,0
1,0,0,0,0,1,0
0,0,0,0,0,1,0
0,0,0,0,0,1,0
0,0,0,0,0,1,0
0,0,0,0,0,1,0
0,0,0,0,0,1,0
1,0,0,0,0,1,0
1,0,0,0,0,1,0
0,0,0,0,0,1,0
1,0,0,0,0,1,0
1,0,0,0,0,1,0
0,0,0,0,0,1,0
0,0,0,0,0,1,0
0,0,0,0,0,1,0
0,0,0,0,0,1,0
0,0,0,0,0,1,0
0,0,0,0,0,1,0
0,0,0,0,0,1,0
0,0,0,0,0,1,0
1,0,0,0,0,1,0
0,0,0,0,0,1,0
0,0,0,0,0,1,0
1,0,0,0,0,1,0
0,0,0,0,0,1,0
1,0,0,0,0,1,0
1,0,0,0,0,1,0
0,0,0,0,0,1,0
1,0,0,0,0,1,0
1,0,0,0,0,1,0
0,1,0,0,0,1,0
0,0,0,0,0,1,0
0,0,0,0,0,1,0
0,0,0,0,0,1,0
1,0,0,0,0,1,0
0,0,0,0,0,1,0
1,0,0,0,0,1,0
0,0,0,0,0,1,0
0,1,0,0,0,1,0
1,0,0,0,0,1,0
0,0,0,0,0,1,0
1,0,0,0,0,1,0
1,0,0,0,0,1,0
0,0,0,0,0,1,0
0,0,0,0,0,1,0
0,0,0,0,0,1,0
1,0,0,0,0,1,0
0,0,0,0,0,1,0
0,1,0,0,0,1,0
1,0,0,0,0,1,0
0,0,0,0,0,1,0
1,0,0,0,0,1,0
0,0,0,0,0,1,0
0,0,0,0,0,1,0
0,0,0,0,0,1,0
1,0,0,0,0,1,0
0,0,0,0,0,1,0
0,0,0,0,0,1,0
0,0,0,0,0,1,0
0,0,0,0,0,1,0
0,0,0,0,0,1,0
1,0,0,0,0,1,0
1,0,0,0,0,1,0
1,0,0,0,0,1,0
0,0,0,0,0,1,0
0,1,0,0,0,1,0
0,0,0,0,0,1,0
1,0,0,0,0,1,0
0,0,0,0,0,1,0
0,1,0,0,0,1,0
0,0,0,0,0,1,0
1,0,0,0,0,1,0
0,0,0,0,0,1,0
0,0,0,0,0,1,0
1,0,0,0,0,1,0
1,0,0,0,0,1,0
0,0,0,0,0,1,0
0,0,0,0,0,1,0
0,0,0,0,0,1,0
0,0,0,0,0,1,0
0,0,0,0,0,1,0
0,0,0,0,0,1,0
0,0,0,0,0,1,0
1,0,0,0,0,1,0
1,0,0,0,0,1,0
0,0,0,0,0,1,0
0,0,0,0,0,1,0
0,0,0,0,0,1,0
0,0,0,0,0,1,0
1,0,0,0,0,1,0
0,0,0,0,0,1,0
0,0,0,0,0,1,0
0,0,0,0,0,1,0
1,0,0,0,0,1,0
0,0,0,0,0,1,0
1,0,0,0,0,1,0
0,0,0,0,0,1,0
1,0,0,0,0,1,0
0,0,0,0,0,1,0
1,0,0,0,0,1,0
0,0,0,0,0,1,0
0,1,0,0,0,1,0
1,0,0,0,0,1,0
1,0,0,0,0,1,0
0,0,0,0,0,1,0
1,0,0,0,0,1,0
0,0,0,0,0,1,0
1,0,0,0,0,1,0
1,0,0,0,0,1,0
0,0,0,0,0,1,0
1,0,0,0,0,1,0
0,0,0,0,0,1,0
0,0,0,0,0,1,0
0,0,0,0,0,1,0
0,0,0,0,0,1,0
0,0,0,0,0,1,0
1,0,0,0,0,1,0
0,0,0,0,0,1,0
1,0,0,0,0,1,0
1,0,0,0,0,1,0
0,0,0,0,0,1,0
0,0,0,0,0,1,0
1,0,0,0,0,1,0
0,0,0,0,0,1,0
0,0,0,0,0,1,0
0,0,0,0,0,1,0
0,1,0,0,0,1,0
0,1,0,0,0,1,0
1,0,0,0,0,1,0
1,0,0,0,0,1,0
0,0,0,0,0,1,0
0,0,0,0,0,1,0
0,0,0,0,0,1,0
1,0,0,0,0,1,0
1,0,0,0,0,1,0
1,0,0,0,0,1,0
0,0,0,0,0,1,0
1,0,0,0,0,1,0
0,0,0,0,0,1,0
0,1,0,0,0,1,0
0,0,0,0,0,1,0
1,0,0,0,0,1,0
1,0,0,0,0,1,0
1,0,0,0,0,1,0
1,0,0,0,0,1,0
0,0,0,0,0,1,0
1,0,0,0,0,1,0
1,0,0,0,0,1,0
1,0,0,0,0,1,0
0,0,0,0,0,1,0
0,0,0,0,0,1,0
0,0,0,0,0,1,0
0,1,0,0,0,1,0
1,0,0,0,0,1,0
0,0,0,0,0,1,0
0,0,0,0,0,1,0
1,0,0,0,0,1,0
0,0,0,0,0,1,0
0,0,0,0,0,1,0
0,0,0,0,0,1,0
0,0,0,0,0,1,0
0,0,0,0,0,1,0
1,0,0,0,0,1,0
0,0,0,0,0,1,0
0,0,0,0,0,1,0
0,0,0,0,0,1,0
0,0,0,0,0,1,0
0,0,0,0,0,1,0
0,0,0,0,0,1,0
0,0,0,0,0,1,0
0,0,0,0,0,1,0
0,0,0,0,0,1,0
0,0,0,0,0,1,0
0,0,0,0,0,1,0
0,0,0,0,0,1,0
1,0,0,0,0,1,0
1,0,0,0,0,1,0
0,0,0,0,0,1,0
0,0,0,0,0,1,0
0,0,0,0,0,1,0
1,0,0,0,0,1,0
0,0,0,0,0,1,0
0,1,0,0,0,1,0
0,0,0,0,0,1,0
1,0,0,0,0,1,0
0,0,0,0,0,1,0
0,0,0,0,0,1,0
0,0,0,0,0,1,0
0,0,0,0,0,1,0
0,0,0,0,0,1,0
0,0,0,0,0,1,0
1,0,0,0,0,1,0
1,0,0,0,0,1,0
0,0,0,0,0,1,0
1,0,0,0,0,1,0
0,0,0,0,0,1,0
0,0,0,0,0,1,0
0,0,0,0,0,1,0
0,0,0,0,0,1,0
0,0,0,0,0,1,0
0,0,0,0,0,1,0
0,0,0,0,0,1,0
0,0,0,0,0,1,0
1,0,0,0,0,1,0
1,0,0,0,0,1,0
0,0,0,0,0,1,0
0,0,0,0,0,1,0
1,0,0,0,0,1,0
1,0,0,0,0,1,0
0,0,0,0,0,1,0
0,0,0,0,0,1,0
1,0,0,0,0,1,0
0,0,0,0,0,1,0
1,0,0,0,0,1,0
1,0,0,0,0,1,0
0,0,0,0,0,1,0
1,0,0,0,0,1,0
0,0,0,0,0,1,0
1,0,0,0,0,1,0
1,0,0,0,0,1,0
1,0,0,0,0,1,0
0,0,0,0,0,1,0
1,0,0,0,0,1,0
0,0,0,0,0,1,0
0,0,0,0,0,1,0
1,0,0,0,0,1,0
0,0,0,0,0,1,0
0,0,0,0,0,1,0
0,0,0,0,0,1,0
0,0,0,0,0,1,0
0,0,0,0,0,1,0
0,0,0,0,0,1,0
1,0,0,0,0,1,0
1,0,0,0,0,1,0
0,0,0,0,0,1,0
0,0,0,0,0,1,0
0,0,0,0,0,1,0
1,0,0,0,0,1,0
1,0,0,0,0,1,0
1,0,0,0,0,1,0
0,0,0,0,0,1,0
0,0,0,0,0,1,0
0,0,0,0,0,1,0
0,1,0,0,0,1,0
1,0,0,0,0,1,0
0,0,0,0,0,1,0
1,0,0,0,0,1,0
0,1,0,0,0,1,0
0,0,0,0,0,1,0
1,0,0,0,0,1,0
0,0,0,0,0,1,0
1,0,0,0,0,1,0
0,0,0,0,0,1,0
1,0,0,0,0,1,0
1,0,0,0,0,1,0
1,0,0,0,0,1,0
1,0,0,0,0,1,0
0,0,0,0,0,1,0
0,0,0,0,0,1,0
0,0,0,0,0,1,0
1,0,0,0,0,1,0
0,0,0,0,0,1,0
1,0,0,0,0,1,0
0,1,0,0,0,1,0
1,0,0,0,0,1,0
0,0,0,0,0,1,0
0,0,0,0,0,1,0
1,0,0,0,0,1,0
0,0,0,0,0,1,0
1,0,0,0,0,1,0
1,0,0,0,0,1,0
0,0,0,0,0,1,0
0,1,0,0,0,1,0
0,0,0,0,0,1,0
1,0,0,0,0,1,0
1,0,0,0,0,1,0
0,0,0,0,0,1,0
0,0,0,0,0,1,0
0,0,0,0,0,1,0
0,0,0,0,0,1,0
0,0,0,0,0,1,0
0,0,0,0,0,1,0
0,0,0,0,0,1,0
0,0,0,0,0,1,0
1,0,0,0,0,1,0
0,0,0,0,0,1,0
0,0,0,0,0,1,0
0,1,0,0,0,1,0
1,0,0,0,0,1,0
1,0,0,0,0,1,0
0,0,0,0,0,1,0
1,0,0,0,0,1,0
0,1,0,0,0,1,0
1,0,0,0,0,1,0
0,0,0,0,0,1,0
0,0,0,0,0,1,0
0,0,0,0,0,1,0
1,0,0,0,0,1,0
0,0,0,0,0,1,0
1,0,0,0,0,1,0
1,0,0,0,0,1,0
0,0,0,0,0,1,0
0,0,0,0,0,1,0
0,0,0,0,0,1,0
1,0,0,0,0,1,0
0,0,0,0,0,1,0
1,0,0,0,0,1,0
1,0,0,0,0,1,0
0,0,0,0,0,1,0
0,0,0,0,0,1,0
0,0,0,0,0,1,0
0,0,0,0,0,1,0
0,0,0,0,0,1,0
1,0,0,0,0,1,0
1,0,0,0,0,1,0
0,0,0,0,0,1,0
0,0,0,0,0,1,0
0,0,0,0,0,1,0
0,0,0,0,0,1,0
1,0,0,0,0,1,0
1,0,0,0,0,1,0
1,0,0,0,0,1,0
1,0,0,0,0,1,0
0,0,0,0,0,1,0
0,0,0,0,0,1,0
1,0,0,0,0,1,0
1,0,0,0,0,1,0
1,0,0,0,0,1,0
1,0,0,0,0,1,0
0,0,0,0,0,1,0
0,0,0,0,0,1,0
0,0,0,0,0,1,0
0,0,0,0,0,1,0
1,0,0,0,0,1,0
0,0,0,0,0,1,0
0,0,0,0,0,1,0
0,1,0,0,0,1,0
0,0,0,0,0,1,0
0,0,0,0,0,1,0
0,0,0,0,0,1,0
0,0,0,0,0,1,0
0,0,0,0,0,1,0
1,0,0,0,0,1,0
0,0,0,0,0,1,0
0,0,0,0,0,1,0
0,0,0,0,0,1,0
1,0,0,0,0,1,0
0,0,0,0,0,1,0
0,0,0,0,0,1,0
0,0,0,0,0,1,0
1,0,0,0,0,1,0
0,0,0,0,0,1,0
1,0,0,0,0,1,0
1,0,0,0,0,1,0
0,0,0,0,0,1,0
1,0,0,0,0,1,0
0,0,0,0,0,1,0
0,0,0,0,0,1,0
1,0,0,0,0,1,0
0,0,0,0,0,1,0
1,0,0,0,0,1,0
1,0,0,0,0,1,0
1,0,0,0,0,1,0
1,0,0,0,0,1,0
0,0,0,0,0,1,0
1,0,0,0,0,1,0
0,0,0,0,0,1,0
0,0,0,0,1,0,0
0,0,0,0,0,1,0
1,0,0,0,0,1,0
0,0,0,0,0,1,0
0,0,0,0,0,1,0
1,0,0,0,0,1,0
0,0,0,0,0,1,0
0,0,0,0,0,1,0
0,0,0,0,0,1,0
1,0,0,0,0,1,0
0,0,0,0,0,1,0
1,0,0,0,0,1,0
0,0,0,1,0,0,0
0,0,0,0,0,1,0
0,0,0,0,0,1,0
0,0,0,0,0,1,0
0,0,0,0,0,1,0
1,0,0,0,0,1,0
0,0,0,0,0,1,0
0,0,0,0,0,1,0
0,1,0,0,0,1,0
0,0,0,0,0,1,0
1,0,0,0,0,1,0
0,0,0,0,0,1,0
0,0,0,0,0,1,0
0,0,0,0,0,1,0
1,0,0,0,0,1,0
1,0,0,0,0,1,0
1,0,0,0,0,1,0
0,0,0,0,0,1,0
0,0,0,0,0,1,0
1,0,0,0,0,1,0
1,0,0,0,0,1,0
0,0,0,0,0,1,0
1,0,0,0,0,1,0
0,0,0,0,0,1,0
0,0,0,0,0,1,0
1,0,0,0,0,1,0
1,0,0,0,0,1,0
0,0,0,0,0,1,0
0,0,0,0,0,1,0
1,0,0,0,0,1,0
1,0,0,0,0,1,0
0,0,0,0,0,1,0
1,0,0,0,0,1,0
0,0,0,0,0,1,0
1,0,0,0,0,1,0
0,0,0,0,0,1,0
1,0,0,0,0,1,0
0,0,0,0,0,1,0
1,0,0,0,0,1,0
0,0,0,0,0,1,0
1,0,0,0,0,1,0
1,0,0,0,0,1,0
1,0,0,0,0,1,0
0,0,0,0,0,1,0
1,0,0,0,0,1,0
1,0,0,0,0,1,0
0,0,0,0,0,1,0
0,0,0,0,0,1,0
0,0,0,0,0,1,0
0,0,0,0,0,1,0
0,0,0,0,0,1,0
1,0,0,0,0,1,0
1,0,0,0,0,1,0
0,0,0,0,0,1,0
0,0,0,0,0,1,0
0,0,0,0,0,1,0
0,0,0,0,0,1,0
1,0,0,0,0,1,0
0,0,0,0,0,1,0
1,0,0,0,0,1,0
1,0,0,0,0,1,0
0,0,0,0,0,1,0
0,1,0,0,0,1,0
1,0,0,0,0,1,0
1,0,0,0,0,1,0
0,0,0,0,0,1,0
1,0,0,0,0,1,0
1,0,0,0,0,1,0
1,0,0,0,0,1,0
0,0,0,0,0,1,0
1,0,0,0,0,1,0
1,0,0,0,0,1,0
0,0,0,0,0,1,0
0,0,0,0,0,1,0
1,0,0,0,0,1,0
0,0,0,0,0,1,0
1,0,0,0,0,1,0
0,0,0,0,0,1,0
1,0,0,0,0,1,0
1,0,0,0,0,1,0
0,0,0,0,0,1,0
0,0,0,0,0,1,0
0,0,0,0,0,1,0
0,0,0,0,0,1,0
0,0,0,0,0,1,0
0,0,0,0,0,1,0
0,0,0,0,0,1,0
1,0,0,0,0,1,0
1,0,0,0,0,1,0
1,0,0,0,0,1,0
1,0,0,0,0,1,0
1,0,0,0,0,1,0
0,0,0,0,0,1,0
1,0,0,0,0,1,0
0,0,0,0,0,1,0
1,0,0,0,0,1,0
0,0,0,0,0,1,0
1,0,0,0,0,1,0
1,0,0,0,0,1,0
1,0,0,0,0,1,0
1,0,0,0,0,1,0
1,0,0,0,0,1,0
0,1,0,0,0,1,0
1,0,0,0,0,1,0
1,0,0,0,0,1,0
0,0,0,0,0,1,0
0,0,0,0,0,1,0
0,0,0,0,0,1,0
0,0,0,0,0,1,0
0,0,0,0,0,1,0
1,0,0,0,0,1,0
0,0,0,0,1,0,0
1,0,0,0,0,1,0
0,0,0,0,0,1,0
1,0,0,0,0,1,0
0,0,0,0,0,1,0
0,0,0,0,0,1,0
0,0,0,0,0,1,0
1,0,0,0,0,1,0
0,0,0,0,0,1,0
1,0,0,0,0,1,0
0,0,0,0,0,1,0
1,0,0,0,0,1,0
1,0,0,0,0,1,0
0,0,0,0,0,1,0
0,0,0,0,0,1,0
0,0,0,0,0,1,0
0,0,0,0,0,1,0
0,0,0,0,0,1,0
0,1,0,0,0,1,0
0,0,0,0,0,1,0
0,1,0,0,0,0,0
0,0,0,0,0,1,0
0,0,0,0,0,1,0
1,0,0,0,0,1,0
0,0,0,0,0,1,0
1,0,0,0,0,1,0
0,0,0,0,0,1,0
0,0,0,0,0,1,0
0,0,0,0,0,1,0
1,0,0,0,0,1,0
0,0,0,0,0,1,0
0,0,0,0,0,1,0
1,0,0,0,0,1,0
0,0,0,0,0,1,0
1,0,0,0,0,1,0
1,0,0,0,0,1,0
1,0,0,0,0,1,0
1,0,0,0,0,1,0
0,0,0,0,0,1,0
1,0,0,0,0,1,0
0,0,0,0,0,1,0
1,0,0,0,0,1,0
0,0,0,0,0,1,0
0,0,0,0,0,1,0
0,0,0,0,0,1,0
0,1,0,0,0,1,0
1,0,0,0,0,1,0
1,0,0,0,0,1,0
0,1,0,0,0,1,0
0,0,0,0,0,1,0
0,0,0,0,0,1,0
0,0,0,0,0,1,0
0,0,0,0,0,1,0
1,0,0,0,0,1,0
1,0,0,0,0,1,0
0,0,0,0,0,1,0
1,0,0,0,0,1,0
1,0,0,0,0,1,0
1,0,0,0,0,1,0
0,0,0,0,0,1,0
0,0,0,0,0,1,0
0,0,0,0,0,1,0
0,0,0,0,0,1,0
0,0,0,0,0,1,0
1,0,0,0,0,1,0
0,0,0,0,0,1,0
0,0,0,0,0,1,0
1,0,0,0,0,1,0
0,0,0,0,0,1,0
0,0,0,0,0,1,0
1,0,0,0,0,1,0
0,0,0,0,0,1,0
0,0,0,0,0,1,0
0,0,0,0,0,1,0
1,0,0,0,0,0,0
1,0,0,0,0,1,0
1,0,0,0,0,1,0
1,0,0,0,0,1,0
1,0,0,0,0,1,0
1,0,0,0,0,1,0
1,0,0,0,0,1,0
0,0,0,0,0,1,0
0,0,0,0,0,1,0
0,0,0,0,0,1,0
0,0,0,0,0,1,0
0,0,0,0,0,1,0
0,0,0,0,0,1,0
1,0,0,0,0,1,0
1,0,0,0,0,1,0
0,0,0,0,0,1,0
0,0,0,0,0,1,0
0,0,0,0,0,1,0
1,0,0,0,0,1,0
0,0,0,0,0,1,0
1,0,0,0,0,1,0
0,0,0,0,0,1,0
0,0,0,0,0,1,0
0,0,0,0,0,1,0
0,0,0,0,0,1,0
1,0,0,0,0,1,0
0,0,0,0,0,1,0
0,0,0,0,0,1,0
0,0,0,0,0,1,0
0,0,0,0,0,1,0
0,0,1,0,0,0,0
1,0,0,0,0,1,0
0,0,0,0,0,1,0
0,0,0,0,0,1,0
1,0,0,0,0,1,0
1,0,0,0,0,1,0
1,0,0,0,0,1,0
0,1,0,0,0,1,0
0,0,0,0,0,1,0
1,0,0,0,0,1,0
1,0,0,0,0,1,0
0,0,0,0,0,1,0
1,0,0,0,0,1,0
1,0,0,0,0,1,0
1,0,0,0,0,1,0
0,0,0,0,0,1,0
1,0,0,0,0,1,0
0,0,0,0,0,1,0
0,0,0,0,0,1,0
0,0,0,0,0,1,0
0,0,0,0,0,1,0
1,0,0,0,0,1,0
1,0,0,0,0,1,0
0,0,0,0,0,1,0
0,0,0,0,0,1,0
1,0,0,0,0,1,0
1,0,0,0,0,1,0
1,0,0,0,0,1,0
1,0,0,0,0,1,0
1,0,0,0,0,1,0
0,0,0,0,0,1,0
0,0,0,0,0,1,0
0,0,0,0,0,1,0
0,0,0,0,0,1,0
0,0,0,0,0,1,0
0,0,0,0,0,1,0
1,0,0,0,0,1,0
1,0,0,0,0,1,0
0,0,0,0,0,1,0
1,0,0,0,0,1,0
0,0,0,0,0,1,0
0,0,0,0,0,1,0
0,0,0,0,0,1,0
0,0,0,0,0,1,0
0,0,0,0,0,1,0
0,0,0,0,0,1,0
1,0,0,0,0,1,0
0,0,0,0,0,1,0
0,0,0,0,0,1,0
0,0,0,0,0,1,0
1,0,0,0,0,1,0
0,0,0,0,0,1,0
0,0,0,0,0,1,0
0,0,0,0,0,1,0
1,0,0,0,0,1,0
0,0,0,0,0,1,0
1,0,0,0,0,1,0
1,0,0,0,0,1,0
1,0,0,0,0,1,0
0,0,0,0,0,1,0
0,0,0,0,0,1,0
0,0,0,0,0,1,0
0,0,0,0,0,1,0
0,0,0,0,0,1,0
0,0,0,0,0,1,0
1,0,0,0,0,1,0
0,0,0,0,0,1,0
1,0,0,0,0,1,0
1,0,0,0,0,1,0
0,0,0,0,0,1,0
0,0,0,0,0,1,0
0,0,0,0,0,1,0
0,0,0,0,0,1,0
0,0,0,0,0,1,0
0,1,0,0,0,1,0
0,0,0,0,0,1,0
0,1,0,0,0,1,0
0,0,0,0,0,1,0
1,0,0,0,0,1,0
0,0,0,0,0,1,0
1,0,0,0,0,1,0
0,0,0,0,0,1,0
1,0,0,0,0,1,0
1,0,0,0,0,1,0
0,0,0,0,0,1,0
0,0,0,0,0,1,0
0,0,0,0,0,1,0
0,0,0,0,0,1,0
0,0,0,0,0,1,0
1,0,0,0,0,1,0
0,0,0,0,0,1,0
0,0,0,0,0,1,0
0,0,0,0,0,1,0
0,0,0,0,0,1,0
1,0,0,0,0,1,0
0,0,0,0,0,1,0
0,1,0,0,0,1,0
0,0,0,0,0,1,0
1,0,0,0,0,1,0
1,0,0,0,0,1,0
0,0,0,0,0,1,0
0,0,0,0,0,1,0
0,0,0,0,0,1,0
1,0,0,0,0,1,0
1,0,0,0,0,1,0
0,0,0,0,0,1,0
1,0,0,0,0,1,0
0,0,0,0,0,1,0
0,0,0,0,0,1,0
0,1,0,0,0,1,0
0,0,0,0,0,1,0
0,0,0,0,0,1,0
0,0,0,0,0,1,0
1,0,0,0,0,1,0
0,0,0,0,0,1,0
0,0,0,0,0,1,0
0,0,0,0,0,1,0
1,0,0,0,0,1,0
1,0,0,0,0,1,0
1,0,0,0,0,1,0
1,0,0,0,0,1,0
0,0,0,0,0,1,0
0,0,0,0,0,1,0
1,0,0,0,0,1,0
0,0,0,0,0,1,0
1,0,0,0,0,1,0
0,0,0,0,0,1,0
1,0,0,0,0,1,0
0,0,0,0,0,1,0
1,0,0,0,0,1,0
1,0,0,0,0,1,0
0,0,0,0,0,1,0
0,0,0,0,0,1,0
0,0,0,0,0,1,0
0,0,0,0,0,1,0
0,0,0,0,0,1,0
0,1,0,0,0,1,0
0,0,0,0,0,1,0
0,0,0,0,0,1,0
0,0,0,0,0,1,0
0,0,0,0,0,1,0
1,0,0,0,0,1,0
1,0,0,0,0,1,0
0,0,0,0,0,1,0
1,0,0,0,0,1,0
0,1,0,0,0,1,0
0,0,0,0,0,1,0
0,0,0,0,0,1,0
1,0,0,0,0,1,0
0,0,0,0,0,1,0
0,0,0,0,0,1,0
0,0,0,0,0,1,0
0,0,0,0,0,1,0
0,0,0,0,0,1,0
1,0,0,0,0,1,0
1,0,0,0,0,1,0
0,0,0,0,0,1,0
1,0,0,0,0,1,0
1,0,0,0,0,1,0
0,0,0,0,0,1,0
1,0,0,0,0,1,0
1,0,0,0,0,1,0
1,0,0,0,0,1,0
0,0,0,0,0,1,0
0,0,0,0,0,1,0
1,0,0,0,0,1,0
0,0,0,0,0,1,0
0,0,0,0,0,1,0
0,0,0,0,0,1,0
0,0,0,0,0,1,0
0,0,0,0,0,1,0
0,0,0,0,0,1,0
0,0,0,0,0,1,0
0,0,0,0,0,1,0
0,0,0,0,0,1,0
1,0,0,0,0,1,0
0,0,0,0,0,1,1
0,0,0,0,0,1,1
0,0,0,0,0,1,1
1,0,0,0,0,1,1
1,0,0,0,0,1,1
1,0,0,0,0,1,1
0,0,0,0,0,1,1
0,0,0,0,0,1,1
0,0,0,0,0,1,1
0,0,0,0,0,1,1
0,0,0,0,0,1,1
0,0,0,0,0,1,1
0,0,0,0,0,1,1
1,0,0,0,0,1,1
0,0,0,0,0,1,1
0,0,0,0,0,1,1
0,0,0,0,0,1,1
0,0,0,0,0,1,1
1,0,0,0,0,1,1
0,0,0,0,0,1,1
0,1,0,0,0,1,1
0,0,0,0,0,1,1
0,0,0,0,0,1,1
0,0,0,0,0,1,1
0,0,0,0,0,1,1
0,0,0,0,0,1,1
0,0,0,0,0,1,1
0,0,0,0,0,1,1
0,0,0,0,0,1,1
0,0,0,0,0,1,1
0,0,0,0,0,1,1
1,0,0,0,0,1,1
0,0,0,0,0,1,1
1,0,0,0,0,1,1
0,0,0,0,0,1,1
0,0,0,0,0,1,1
0,0,0,0,0,1,1
1,0,0,0,0,1,1
1,0,0,0,0,1,1
0,0,0,0,0,1,1
0,0,0,0,0,1,1
0,0,0,0,0,1,1
0,0,0,0,0,1,1
1,0,0,0,0,1,1
0,0,0,0,0,1,1
1,0,0,0,0,1,1
0,0,0,0,0,1,1
0,0,0,0,0,1,1
0,0,0,0,0,1,1
0,0,0,0,0,1,1
0,0,0,0,0,1,1
0,0,0,0,0,1,1
0,1,0,0,0,1,1
0,0,0,0,0,1,1
1,0,0,0,0,1,1
0,0,0,0,0,1,1
0,0,0,0,0,1,1
0,0,0,0,0,1,1
1,0,0,0,0,1,1
0,0,0,0,0,1,1
0,0,0,0,0,1,1
0,0,0,0,0,1,1
0,0,0,0,0,1,1
0,0,0,0,0,1,1
1,0,0,0,0,1,1
0,0,0,0,0,1,1
0,0,0,0,0,1,1
0,0,0,0,0,1,1
0,1,0,0,0,1,1
1,0,0,0,0,1,1
1,0,0,0,0,1,1
0,0,0,0,0,1,1
1,0,0,0,0,1,1
1,0,0,0,0,1,1
0,0,0,0,0,1,1
0,0,0,0,0,1,1
1,0,0,0,0,1,1
1,0,0,0,0,1,1
1,0,0,0,0,1,1
1,0,0,0,0,1,1
0,0,0,0,0,1,1
1,0,0,0,0,1,1
0,0,0,0,0,1,1
1,0,0,0,0,1,1
0,0,0,0,0,1,1
0,0,0,0,0,1,1
0,0,0,0,0,1,1
0,0,0,0,0,1,1
0,0,0,0,0,1,1
0,0,0,0,0,1,1
0,0,0,0,0,1,1
0,0,0,0,0,1,1
0,0,0,0,0,1,1
0,0,0,0,0,1,1
0,0,0,0,0,1,1
1,0,0,0,0,1,1
1,0,0,0,0,1,1
1,0,0,0,0,1,1
0,0,0,0,0,1,1
1,0,0,0,0,1,1
1,0,0,0,0,1,1
1,0,0,0,0,1,1
0,0,0,0,0,1,1
0,0,0,0,0,1,1
0,0,0,0,0,1,1
0,0,0,0,0,1,1
1,0,0,0,0,1,1
1,0,0,0,0,1,1
1,0,0,0,0,1,1
0,0,0,0,0,1,1
0,0,0,0,0,1,1
1,0,0,0,0,1,1
0,0,0,0,0,1,1
0,0,0,0,0,1,1
0,0,0,0,0,1,1
0,0,0,0,0,1,1
1,0,0,0,0,1,1
0,0,0,0,0,1,1
0,0,0,0,0,1,1
1,0,0,0,0,1,1
0,0,0,0,0,1,1
0,0,0,0,0,1,1
0,0,0,0,0,1,1
1,0,0,0,0,1,1
0,0,0,0,0,1,1
1,0,0,0,0,1,1
0,0,0,0,0,1,1
0,0,0,0,0,1,1
0,0,0,0,0,1,1
0,0,0,0,0,1,1
0,0,0,0,0,1,1
0,0,0,0,0,1,1
1,0,0,0,0,1,1
1,0,0,0,0,1,1
0,0,0,0,0,1,1
0,0,0,0,0,1,1
1,0,0,0,0,1,1
0,0,0,0,0,1,1
1,0,0,0,0,1,1
0,0,0,0,0,1,1
0,0,0,0,0,1,1
1,0,0,0,0,1,1
0,0,0,0,0,1,1
0,0,0,0,0,1,1
1,0,0,0,0,1,1
1,0,0,0,0,1,1
0,0,0,0,0,1,1
0,0,0,0,0,1,1
0,0,0,0,0,1,1
0,0,0,0,0,1,1
0,0,0,0,0,1,1
0,0,0,0,0,1,1
1,0,0,0,0,1,1
0,0,0,0,0,1,1
0,0,0,0,0,1,1
0,0,0,0,0,1,1
1,0,0,0,0,1,1
1,0,0,0,0,1,1
0,0,0,0,0,1,1
0,0,0,0,0,1,1
0,0,0,0,0,1,1
0,0,0,0,0,1,1
0,0,0,0,0,1,1
1,0,0,0,0,1,1
0,1,0,0,0,1,1
1,0,0,0,0,1,1
0,0,0,0,0,1,1
0,0,0,0,0,1,1
0,1,0,0,0,1,1
0,0,0,0,0,1,1
0,0,0,0,0,1,1
0,0,0,0,0,1,1
0,0,0,0,0,1,1
0,1,0,0,0,1,1
0,0,0,0,0,1,1
1,0,0,0,0,1,1
0,0,0,0,0,1,1
1,0,0,0,0,1,1
0,0,0,0,0,1,1
1,0,0,0,0,1,1
0,0,0,0,0,1,1
0,0,0,0,0,1,1
1,0,0,0,0,1,1
1,0,0,0,0,1,1
0,1,0,0,0,1,1
0,0,0,0,0,1,1
0,0,0,0,0,1,1
0,1,0,0,0,1,1
0,0,0,0,0,1,1
0,0,0,0,0,1,1
0,0,0,0,0,1,1
0,0,0,0,0,1,1
0,0,0,0,0,1,1
1,0,0,0,0,1,1
1,0,0,0,0,1,1
1,0,0,0,0,1,1
0,0,0,0,0,1,1
0,0,0,0,0,1,1
0,0,0,0,0,1,1
1,0,0,0,0,1,1
0,0,0,0,0,1,1
0,0,0,0,0,1,1
0,0,0,0,0,1,1
0,0,0,0,0,1,1
0,0,0,0,0,1,1
0,1,0,0,0,1,1
1,0,0,0,0,1,1
1,0,0,0,0,1,1
0,0,0,0,0,1,1
1,0,0,0,0,1,1
0,0,0,0,0,1,1
0,0,0,0,0,1,1
0,0,0,0,0,1,1
0,0,0,0,0,1,1
1,0,0,0,0,1,1
0,1,0,0,0,1,1
1,0,0,0,0,1,1
0,0,0,0,0,1,1
0,0,0,0,0,1,1
0,0,0,0,0,1,1
0,0,0,0,0,1,1
0,0,0,0,0,1,1
0,0,0,0,0,1,1
0,0,0,0,0,1,1
0,0,0,0,0,1,1
0,0,0,0,0,1,1
0,0,0,0,0,1,1
1,0,0,0,0,1,1
1,0,0,0,0,1,1
0,0,0,0,0,1,1
1,0,0,0,0,1,1
1,0,0,0,0,1,1
0,0,0,0,0,1,1
0,0,0,0,0,1,1
0,0,0,0,0,1,1
0,0,0,0,0,1,1
0,0,0,0,0,1,1
0,0,0,0,0,1,1
0,0,0,0,0,1,1
0,0,0,0,0,1,1
1,0,0,0,0,1,1
0,0,0,0,0,1,1
0,0,0,0,0,1,1
0,0,0,0,0,1,1
0,0,0,0,0,1,1
1,0,0,0,0,1,1
0,0,0,0,0,1,1
0,0,0,0,0,1,1
0,0,0,0,0,1,1
0,0,0,0,0,1,1
0,0,0,0,0,1,1
0,0,0,0,0,1,1
1,0,0,0,0,1,1
0,0,0,0,0,1,1
1,0,0,1,0,0,1
0,0,0,0,0,1,1
1,0,0,0,0,1,1
0,0,0,0,0,1,1
1,0,0,0,0,1,1
0,0,0,0,0,1,1
0,0,0,0,0,1,1
1,0,0,0,0,1,1
0,0,0,0,0,1,1
1,0,0,0,0,1,1
0,0,0,0,0,1,1
0,0,0,0,0,1,1
0,0,0,0,0,1,1
0,0,0,0,0,1,1
0,0,0,0,0,1,1
0,0,0,0,0,1,1
0,0,0,0,0,1,1
0,1,0,0,0,1,1
1,0,0,0,0,1,1
1,0,0,0,0,1,1
1,0,0,0,0,1,1
1,0,0,0,0,1,1
0,0,0,0,0,1,1
1,0,0,0,0,1,1
0,1,0,0,0,1,1
1,0,0,0,0,1,1
0,0,0,0,0,1,1
1,0,0,0,0,1,1
1,0,0,0,0,1,1
0,0,0,0,0,1,1
1,0,0,0,0,1,1
1,0,0,0,0,1,1
0,0,0,0,0,1,1
0,1,0,0,0,1,1
0,0,0,0,0,1,1
1,0,0,0,0,1,1
0,0,0,0,0,1,1
0,0,0,0,0,1,1
0,0,0,0,0,1,1
0,0,0,0,0,1,1
0,0,0,0,0,1,1
0,0,0,0,0,1,1
0,0,0,0,0,1,1
0,0,0,0,0,1,1
0,0,0,0,0,1,1
1,0,0,0,0,1,1
1,0,0,0,0,1,1
0,0,0,0,0,1,1
1,0,0,0,0,1,1
0,0,0,0,0,1,1
0,0,0,0,0,1,1
0,0,0,0,0,1,1
1,0,0,0,0,1,1
0,0,0,0,0,1,1
0,0,0,0,0,1,1
0,0,0,0,0,1,1
1,0,0,0,0,1,1
0,0,0,0,0,1,1
1,0,0,0,0,1,1
1,0,0,0,0,1,1
0,0,0,0,0,1,1
1,0,0,0,0,1,1
0,0,0,0,0,1,1
0,0,0,0,0,1,1
1,0,0,0,0,1,1
0,0,0,0,0,1,1
1,0,0,0,0,1,1
0,0,0,0,0,1,1
0,0,0,0,0,1,1
0,0,0,0,0,1,1
0,0,0,0,0,1,1
0,0,0,0,0,1,1
0,0,0,0,0,1,1
1,0,0,0,0,1,1
0,0,0,0,0,1,1
0,0,0,0,0,1,1
0,0,0,0,0,1,1
1,0,0,0,0,1,1
0,0,0,0,0,1,1
0,0,0,0,0,1,1
1,0,0,0,0,1,1
0,0,0,0,0,1,1
1,0,0,0,0,1,1
0,0,0,0,0,1,1
1,0,0,0,0,1,1
0,0,0,0,0,1,1
0,0,0,0,0,1,1
1,0,0,0,0,1,1
1,0,0,0,0,1,1
0,0,0,0,0,1,1
0,0,0,0,0,1,1
1,0,0,0,0,1,1
0,1,0,0,0,1,1
1,0,0,0,0,1,1
1,0,0,0,0,1,1
1,0,0,0,0,1,1
0,0,0,0,0,1,1
0,0,0,0,0,1,1
0,0,0,0,0,1,1
0,0,0,0,0,1,1
0,0,0,0,0,1,1
0,0,0,0,0,1,1
0,1,0,0,0,1,1
0,0,0,0,0,1,1
0,0,0,0,0,1,1
0,0,0,0,0,1,1
1,0,0,0,0,1,1
0,0,0,0,0,1,1
0,0,0,0,0,1,1
0,0,0,0,0,1,1
0,0,0,0,0,1,1
0,0,0,0,0,1,1
0,0,0,0,0,1,1
1,0,0,0,0,1,1
0,0,0,0,0,1,1
0,0,0,0,0,1,1
0,0,0,0,0,1,1
0,0,0,0,0,1,1
1,0,0,0,0,1,1
0,0,0,0,0,1,1
1,0,0,0,0,1,1
0,0,0,0,0,1,1
0,0,0,0,0,1,1
0,0,0,0,0,1,1
0,0,0,0,0,1,1
1,0,0,0,0,1,1
0,0,0,0,0,1,1
0,0,0,0,0,1,1
0,0,0,0,0,0,1
0,0,0,0,0,1,1
0,0,0,0,0,1,1
0,0,0,0,0,1,1
0,0,0,0,0,1,1
0,0,0,0,0,1,1
0,0,0,0,0,1,1
0,0,0,0,0,1,1
0,0,0,0,0,1,1
0,0,0,0,0,1,1
0,0,0,0,0,1,1
0,0,0,0,0,1,1
0,0,0,0,0,1,1
0,0,0,0,0,1,1
1,0,0,0,0,1,1
0,0,0,0,0,1,1
1,0,0,0,0,1,1
1,0,0,0,0,1,1
1,0,0,0,0,1,1
0,0,0,0,0,1,1
0,0,0,0,0,1,1
0,0,0,0,0,1,1
1,0,0,0,0,1,1
1,0,0,0,0,1,1
0,0,0,0,0,1,1
1,0,0,0,0,1,1
1,0,0,0,0,1,1
1,0,0,0,0,1,1
1,0,0,0,0,1,1
1,0,0,0,0,1,1
0,0,0,0,0,1,1
1,0,0,0,0,1,1
0,0,0,0,0,1,1
0,1,0,0,0,1,1
1,0,0,0,0,1,1
0,0,0,0,0,1,1
0,0,0,0,0,1,1
0,0,0,0,0,1,1
0,0,0,0,0,1,1
0,0,0,0,0,1,1
1,0,0,0,0,1,1
1,0,0,0,0,1,1
0,0,0,0,0,1,1
0,0,0,0,0,1,1
0,0,0,0,0,1,1
1,0,0,0,0,1,1
0,0,0,1,0,0,1
1,0,0,0,0,1,1
0,0,0,0,0,1,1
1,0,0,0,0,1,1
0,0,0,0,0,1,1
0,0,0,0,0,1,1
0,0,0,0,0,1,1
1,0,0,0,0,1,1
1,0,0,0,0,1,1
0,0,0,0,0,1,1
0,1,0,0,0,1,1
0,0,0,0,0,1,1
1,0,0,0,0,1,1
0,0,0,0,0,1,1
1,0,0,0,0,1,1
0,0,0,0,0,1,1
0,0,0,0,0,1,1
0,0,0,0,0,1,1
1,0,0,0,0,1,1
0,0,0,0,0,1,1
0,0,0,0,0,1,1
0,0,0,0,0,1,1
0,0,0,0,0,1,1
0,1,0,0,0,1,1
0,0,0,0,0,1,1
0,0,0,0,0,1,1
0,0,0,0,0,1,1
0,0,0,0,0,1,1
0,0,0,0,0,1,1
0,1,0,0,0,1,1
0,0,0,0,0,1,1
1,0,0,0,0,1,1
1,0,0,0,0,1,1
0,0,0,0,0,1,1
0,0,0,0,0,1,1
1,0,0,0,0,1,1
0,0,0,0,0,1,1
0,0,0,0,0,1,1
0,1,0,0,0,1,1
1,0,0,0,0,1,1
1,0,0,0,0,1,1
0,0,0,0,0,1,1
0,0,0,0,0,1,1
0,0,0,0,0,1,1
0,0,0,0,0,1,1
0,0,0,0,0,1,1
0,0,0,0,0,1,1
0,0,0,0,0,1,1
1,0,0,0,0,1,1
0,0,0,0,0,1,1
0,0,0,0,0,1,1
1,0,0,0,0,1,1
0,0,0,0,0,1,1
0,0,0,0,0,1,1
1,0,0,0,0,1,1
1,0,0,0,0,1,1
0,0,0,0,0,1,1
1,0,0,0,0,1,1
0,0,0,0,0,1,1
0,1,0,0,0,1,1
1,0,0,0,0,1,1
1,0,0,0,0,1,1
0,0,0,0,0,1,1
0,0,0,0,0,1,1
1,0,0,0,0,1,1
1,0,0,0,0,1,1
1,0,0,0,0,1,1
0,0,0,0,0,1,1
0,0,0,0,0,1,1
0,0,0,0,0,1,1
0,0,0,0,0,1,1
0,0,0,0,0,1,1
1,0,0,0,0,1,1
1,0,0,0,0,1,1
0,0,0,0,0,1,1
0,0,0,0,0,1,1
0,0,0,0,0,1,1
1,0,0,0,0,1,1
0,0,0,0,0,1,1
1,0,0,0,0,1,1
0,0,0,0,0,1,1
0,0,0,0,0,1,1
0,0,0,0,0,1,1
0,0,0,0,0,1,1
0,0,0,0,0,1,1
0,0,0,0,0,1,1
1,0,0,0,0,1,1
0,0,0,0,0,1,1
0,0,0,0,0,1,1
1,0,0,0,0,1,1
0,0,0,0,0,1,1
1,0,0,0,0,1,1
1,0,0,0,0,1,1
0,0,0,0,0,1,1
1,0,0,0,0,1,1
0,0,0,0,0,1,1
0,0,0,0,0,1,1
0,0,0,0,0,1,1
0,0,0,0,0,1,1
0,0,0,0,0,1,1
1,0,0,0,0,1,1
1,0,0,0,0,1,1
1,0,0,0,0,1,1
0,0,0,0,0,1,1
0,0,0,0,0,1,1
0,0,0,0,0,1,1
1,0,0,0,0,1,1
1,0,0,0,0,1,1
0,0,0,0,0,1,1
0,0,0,0,0,1,1
1,0,0,0,0,1,1
0,0,0,0,0,1,1
0,0,0,0,0,1,1
0,0,0,0,0,1,1
1,0,0,0,0,1,1
0,0,0,0,0,1,1
1,0,0,0,0,1,1
0,0,0,0,0,1,1
0,0,0,0,0,1,1
0,0,0,0,0,1,1
0,0,0,0,0,1,1
1,0,0,0,0,1,1
0,0,0,0,0,1,1
0,0,0,0,0,1,1
0,0,0,0,0,1,1
1,0,0,0,0,1,1
0,0,0,0,0,1,1
0,0,0,0,0,1,1
1,0,0,0,0,1,1
1,0,0,0,0,1,1
0,0,0,0,0,1,1
0,0,0,0,0,1,1
0,0,0,0,0,1,1
0,0,0,0,0,1,1
0,0,0,0,0,1,1
0,0,0,0,0,1,1
0,0,0,0,0,1,1
1,0,0,0,0,1,1
1,0,0,0,0,1,1
1,0,0,0,0,1,1
1,0,0,0,0,1,1
0,0,0,0,0,1,1
0,0,0,0,0,1,1
0,0,0,0,0,1,1
0,0,0,0,0,1,1
1,0,0,0,0,1,1
0,0,0,0,0,1,1
0,0,0,0,0,1,1
1,0,0,0,0,1,1
0,0,0,0,0,1,1
1,0,0,0,0,1,1
0,1,0,0,0,1,1
1,0,0,0,0,1,1
0,1,0,0,0,1,1
0,0,0,0,0,1,1
1,0,0,0,0,1,1
0,0,0,0,0,1,1
0,0,0,0,0,1,1
0,1,0,0,0,1,1
1,0,0,0,0,1,1
0,0,0,0,0,1,1
1,0,0,0,0,1,1
0,0,0,0,0,1,1
1,0,0,0,0,1,1
0,0,0,0,0,1,1
1,0,0,0,0,1,1
0,0,0,0,0,1,1
1,0,0,0,0,1,1
0,0,0,0,0,1,1
0,0,0,0,0,1,1
0,1,0,0,0,1,1
1,0,0,0,0,1,1
1,0,0,0,0,1,1
1,0,0,0,0,1,1
1,0,0,0,0,1,1
1,0,0,0,0,1,1
0,0,0,0,0,1,1
1,0,0,0,0,1,1
1,0,0,0,0,1,1
1,0,0,0,0,1,1
1,0,0,0,0,1,1
0,0,0,0,0,1,1
0,0,0,0,0,1,1
0,0,0,0,0,1,1
0,0,0,0,0,1,1
0,0,0,0,0,1,1
0,0,0,0,0,1,1
0,0,0,0,0,1,1
0,0,0,0,0,1,1
1,0,0,0,0,1,1
0,0,0,0,0,1,1
0,1,0,0,0,1,1
1,0,0,0,0,1,1
0,0,0,0,0,1,1
1,0,0,0,0,1,1
0,0,0,0,0,1,1
0,0,0,0,0,1,1
0,0,0,0,0,1,1
1,0,0,0,0,1,1
0,0,0,0,0,1,1
1,0,0,0,0,1,1
0,0,0,0,0,1,1
0,0,0,0,0,1,1
0,0,0,0,0,1,1
0,0,0,0,0,1,1
0,0,0,0,0,1,1
0,0,0,0,0,1,1
0,0,0,0,0,1,1
1,0,0,0,0,1,1
0,0,0,0,0,1,1
0,0,0,0,0,1,1
0,1,0,0,0,1,1
0,1,0,0,0,1,1
1,0,0,0,0,1,1
1,0,0,0,0,1,1
0,0,0,0,0,1,1
0,0,0,0,0,1,1
0,0,0,0,0,1,1
1,0,0,0,0,1,1
1,0,0,0,0,1,1
0,0,0,0,0,1,1
0,0,0,0,0,1,1
0,0,0,0,0,1,1
0,0,0,0,0,1,1
0,0,0,0,0,1,1
1,0,0,0,0,1,1
0,0,0,0,0,1,1
0,0,0,0,0,1,1
0,0,0,0,0,1,1
1,0,0,0,0,1,1
0,0,0,0,0,1,1
0,1,0,0,0,1,1
0,0,0,0,0,1,1
0,0,0,0,0,1,1
0,0,0,0,0,1,1
0,0,0,0,0,1,1
0,0,0,0,0,1,1
1,0,0,0,0,1,1
1,0,0,0,0,1,1
1,0,0,0,0,1,1
0,0,0,0,0,1,1
0,0,0,0,0,1,1
1,0,0,0,0,1,1
1,0,0,0,0,1,1
0,1,0,0,0,1,1
1,0,0,0,0,1,1
1,0,0,0,0,1,1
0,0,0,0,0,1,1
0,0,0,0,0,1,1
1,0,0,0,0,1,1
0,0,0,0,0,1,1
1,0,0,0,0,1,1
0,0,0,0,0,1,1
0,0,0,0,0,1,1
0,0,0,0,0,1,1
0,0,0,0,0,1,1
0,0,0,0,0,1,1
0,0,0,0,0,1,1
0,0,0,0,0,1,1
0,0,0,0,0,1,1
0,0,0,0,0,1,1
0,0,0,0,0,1,1
0,0,0,0,0,1,1
1,0,0,0,0,1,1
0,0,0,0,0,1,1
0,0,0,0,0,1,1
0,0,0,0,0,1,1
1,0,0,0,0,1,1
1,0,0,0,0,1,1
1,0,0,0,0,1,1
0,0,0,0,0,1,1
0,1,0,0,0,1,1
0,0,0,0,0,1,1
1,0,0,0,0,1,1
0,0,0,0,0,1,1
0,0,0,0,0,1,1
1,0,0,0,0,1,1
0,0,0,0,0,1,1
0,0,0,0,0,1,1
0,0,0,0,0,1,1
0,0,0,0,0,1,1
0,0,0,0,0,1,1
0,0,0,0,0,1,1
1,0,0,0,0,1,1
0,0,0,0,0,1,1
1,0,0,0,0,1,1
0,0,0,0,0,1,1
0,0,0,0,0,1,1
0,0,0,0,0,1,1
0,0,0,0,0,1,1
0,0,0,0,0,1,1
0,0,0,0,0,1,1
1,0,0,0,0,1,1
0,0,0,0,0,1,1
1,0,0,0,0,1,1
0,0,0,0,0,1,1
0,0,0,0,0,1,1
0,0,0,0,0,1,1
0,0,0,0,0,1,1
0,0,0,0,0,1,1
1,0,0,0,0,1,1
1,0,0,0,0,1,1
0,0,0,0,0,1,1
1,0,0,0,0,1,1
0,0,0,0,0,1,1
0,1,0,0,0,1,1
1,0,0,0,0,1,1
0,0,0,0,0,1,1
1,0,0,0,0,1,1
1,0,0,0,0,1,1
0,0,0,0,0,1,1
0,0,0,0,0,1,1
0,0,0,0,0,1,1
0,0,0,0,0,1,1
1,0,0,0,0,1,1
1,0,0,0,0,1,1
0,0,0,0,0,1,1
1,0,0,0,0,1,1
0,1,0,0,0,1,1
1,0,0,0,0,1,1
0,0,0,0,0,1,1
0,0,0,0,0,1,1
0,0,0,0,0,1,1
0,0,0,0,0,1,1
1,0,0,0,0,1,1
0,0,0,0,0,1,1
1,0,0,0,0,1,1
1,0,0,0,0,1,1
1,0,0,0,0,1,1
0,0,0,0,0,1,1
0,0,0,0,0,1,1
0,0,0,0,0,1,1
1,0,0,0,0,1,1
0,0,0,0,0,1,1
0,0,0,0,0,1,1
0,0,0,0,0,1,1
0,0,0,0,0,1,1
0,0,0,0,0,1,1
0,0,0,0,0,1,1
1,0,0,0,0,1,1
1,0,0,0,0,1,1
0,0,0,0,0,1,1
0,0,0,0,0,1,1
1,0,0,0,0,1,1
0,0,0,0,0,1,1
0,0,0,0,0,1,1
1,0,0,0,0,1,1
0,0,0,0,0,1,1
0,0,0,0,0,1,1
0,0,0,0,0,1,1
0,0,0,0,0,1,1
0,0,0,0,0,1,1
1,0,0,0,0,1,1
0,0,0,0,0,1,1
0,0,0,0,0,1,1
1,0,0,0,0,1,1
0,0,0,0,0,1,1
0,0,0,0,0,1,1
0,0,0,0,0,1,1
1,0,0,0,0,1,1
0,0,0,0,0,1,1
1,0,0,0,0,1,1
0,0,0,0,0,1,1
0,0,0,0,0,1,1
1,0,0,0,0,1,1
1,0,0,0,0,1,1
1,0,0,0,0,1,1
0,0,0,0,0,1,1
0,0,0,0,0,1,1
0,0,0,0,0,1,1
0,0,0,0,0,1,1
0,0,0,0,0,1,1
0,0,0,0,0,1,1
1,0,0,0,0,1,1
0,0,0,0,0,1,1
0,0,0,0,0,1,1
1,0,0,0,0,1,1
0,0,0,0,0,1,1
1,0,0,0,0,1,1
1,0,0,0,0,1,1
1,0,0,0,0,1,1
0,0,0,0,0,1,1
0,0,0,0,0,1,1
0,0,0,0,0,1,1
0,0,0,0,0,1,1
1,0,0,0,0,1,1
1,0,0,0,0,1,1
0,0,0,0,0,1,1
0,0,0,0,0,1,1
1,0,0,0,0,1,1
0,0,0,0,0,1,1
1,0,0,0,0,1,1
0,0,0,0,0,1,1
0,0,0,0,0,1,1
0,0,0,0,0,1,1
0,0,0,0,0,1,1
0,0,0,0,0,1,1
0,0,0,0,0,1,1
0,0,0,0,0,1,1
1,0,0,0,0,1,1
1,0,0,0,0,1,1
0,0,0,0,0,1,1
0,0,0,0,0,1,1
0,0,0,0,0,1,1
0,0,0,0,0,1,1
1,0,0,0,0,1,1
0,0,0,0,0,1,1
0,1,0,0,0,1,1
0,0,0,0,0,1,1
0,0,0,0,0,1,1
1,0,0,0,0,1,1
0,0,0,0,0,1,1
0,0,0,0,0,1,1
0,0,0,0,0,1,1
0,0,0,0,0,1,1
1,0,0,0,0,1,1
0,0,0,0,0,1,1
1,0,0,0,0,1,1
0,0,0,0,0,1,1
1,0,0,0,0,1,1
0,1,0,0,0,1,1
1,0,0,0,0,1,1
1,0,0,0,0,1,1
0,0,0,0,0,1,1
0,0,0,0,0,1,1
0,0,0,0,0,1,1
0,1,0,0,0,1,1
0,0,0,0,0,1,1
0,0,0,0,0,1,1
1,0,0,0,0,1,1
1,0,0,0,0,1,1
0,0,0,0,0,1,1
0,0,0,0,0,1,1
1,0,0,0,0,1,1
1,0,0,0,0,1,1
0,0,0,0,0,1,1
0,0,0,0,0,1,1
0,0,0,0,0,1,1
0,0,0,0,0,1,1
0,0,0,0,0,1,1
0,0,0,0,0,1,1
0,0,0,0,0,1,1
0,0,0,0,0,1,1
0,0,0,0,0,1,1
1,0,0,0,0,1,1
0,1,0,0,0,1,1
0,1,0,0,0,1,1
1,0,0,0,0,1,1
1,0,0,0,0,1,1
1,0,0,0,0,1,1
1,0,0,0,0,1,1
0,1,0,0,0,1,1
1,0,0,0,0,1,1
1,0,0,0,0,1,1
1,0,0,0,0,1,1
0,0,0,0,0,1,1
0,0,0,0,0,1,1
0,1,0,0,0,1,1
1,0,0,0,0,1,1
0,0,0,0,0,1,1
1,0,0,0,0,1,1
0,0,0,0,0,1,1
1,0,0,0,0,1,1
0,0,0,0,0,1,1
1,0,0,0,0,1,1
0,0,0,0,0,1,1
0,0,0,0,0,1,1
0,1,0,0,0,1,1
1,0,0,0,0,1,1
0,0,0,0,0,1,1
0,0,0,0,0,1,1
1,0,0,0,0,1,1
0,0,0,0,0,1,1
0,0,0,0,0,1,1
0,0,0,0,0,1,1
1,0,0,0,0,1,1
1,0,0,0,0,1,1
0,0,0,0,0,1,1
0,0,0,0,0,1,1
0,0,0,0,0,1,1
0,0,0,0,0,1,1
1,0,0,0,0,1,1
0,0,0,0,0,1,1
0,0,0,0,0,1,1
0,0,0,0,0,1,1
0,0,0,0,0,1,1
0,0,0,0,0,1,1
1,0,0,0,0,1,1
0,0,0,0,0,1,1
0,0,0,0,0,1,1
1,0,0,0,0,1,1
1,0,0,0,0,1,1
0,0,0,0,0,1,1
0,0,0,0,0,1,1
0,0,0,0,0,1,1
0,0,0,0,0,1,1
0,0,0,0,0,1,1
0,0,0,0,0,1,1
1,0,0,0,0,1,1
0,0,0,0,0,1,1
0,0,0,0,0,1,1
1,0,0,0,0,1,1
1,0,0,0,0,1,1
1,0,0,0,0,1,1
0,0,0,0,0,1,1
1,0,0,0,0,1,1
0,0,0,0,0,1,1
0,0,0,0,0,1,1
0,0,0,0,0,1,1
1,0,0,0,0,1,1
0,0,0,0,0,1,1
0,0,0,0,0,1,1
0,0,0,0,0,1,1
0,0,0,0,0,1,1
0,0,0,0,0,1,1
0,0,0,0,0,0,1
0,0,0,0,0,1,1
0,0,0,0,0,1,1
0,0,0,0,0,1,1
0,0,0,0,0,1,1
0,0,0,0,0,1,1
0,0,0,0,0,1,1
0,0,0,0,0,1,1
1,0,0,0,0,1,1
0,0,0,0,0,1,1
1,0,0,0,0,1,1
0,0,0,0,0,1,1
0,0,0,0,0,1,1
1,0,0,0,0,1,1
1,0,0,0,0,1,1
0,0,0,0,0,1,1
0,0,0,0,0,1,1
1,0,0,0,0,1,1
1,0,0,0,0,1,1
0,0,0,0,0,1,1
0,0,0,0,0,1,1
1,0,0,0,0,1,1
1,0,0,0,0,1,1
1,0,0,0,0,1,1
0,0,0,0,0,1,1
0,0,0,0,0,1,1
0,0,0,0,0,1,1
1,0,0,0,0,1,1
0,0,0,0,0,1,1
0,0,0,0,0,1,1
1,0,0,0,0,1,1
1,0,0,0,0,1,1
0,0,0,0,0,1,1
0,0,0,0,0,1,1
0,0,0,0,0,1,1
0,0,0,0,0,1,1
1,0,0,0,0,1,1
0,1,0,0,0,1,1
0,0,0,0,0,1,1
0,0,0,0,0,1,1
0,0,0,0,0,1,1
0,0,0,0,0,1,1
0,0,0,0,0,1,1
0,0,0,0,0,1,1
0,0,0,0,0,1,1
0,0,0,0,0,1,1
1,0,0,0,0,1,1
0,0,0,0,0,1,1
0,0,0,0,0,1,1
0,0,0,0,0,1,1
0,0,0,0,0,1,1
0,0,0,0,0,1,1
0,1,0,0,0,1,1
0,0,0,0,0,1,1
0,0,0,0,0,1,1
0,0,0,0,0,1,1
1,0,0,0,0,1,1
0,0,0,0,0,1,1
0,0,0,0,0,1,1
0,0,0,0,0,1,1
0,0,0,0,0,1,1
0,0,0,0,0,1,1
1,0,0,0,0,1,1
1,0,0,0,0,1,1
0,0,0,0,0,1,1
0,0,0,0,0,1,1
1,0,0,0,0,1,1
1,0,0,0,0,1,1
1,0,0,0,0,1,1
0,0,0,0,0,1,1
1,0,0,0,0,1,1
1,0,0,0,0,1,1
0,0,0,0,0,1,1
0,0,0,0,0,1,1
0,0,0,0,0,1,1
1,0,0,0,0,1,1
1,0,0,0,0,1,1
0,0,0,0,0,1,1
0,0,0,0,0,1,1
0,0,0,0,0,1,1
0,0,0,0,0,1,1
0,0,0,0,0,1,1
0,1,0,0,0,1,1
0,0,0,0,0,1,1
1,0,0,0,0,1,1
0,0,0,0,0,1,1
0,0,0,0,0,1,1
0,0,0,0,0,1,1
1,0,0,0,0,1,1
0,0,0,0,0,1,1
0,0,0,0,0,1,1
1,0,0,0,0,1,1
0,0,0,0,0,1,1
0,0,0,0,0,1,1
1,0,0,0,0,1,1
1,0,0,0,0,1,1
1,0,0,0,0,1,1
1,0,0,0,0,1,1
1,0,0,0,0,1,1
0,1,0,0,0,1,1
0,0,0,0,0,1,1
0,0,0,0,0,1,1
0,0,0,0,0,1,1
1,0,0,0,0,1,1
0,0,0,0,0,1,1
0,0,0,0,0,1,1
1,0,0,0,0,1,1
0,0,0,0,0,1,1
0,0,0,0,0,1,1
0,0,0,0,0,1,1
1,0,0,0,0,1,1
0,0,0,0,0,1,1
1,0,0,0,0,1,1
0,0,0,0,0,1,1
0,0,0,0,0,1,1
0,0,0,0,0,1,1
0,0,0,0,0,1,1
0,0,0,0,0,1,1
0,0,0,0,0,1,1
1,0,0,0,0,1,1
1,0,0,0,0,1,1
0,0,0,0,0,1,1
0,0,0,0,0,1,1
1,0,0,0,0,1,1
1,0,0,0,0,1,1
0,0,0,0,0,1,1
0,0,0,0,0,1,1
1,0,0,0,0,1,1
0,0,0,0,0,1,1
0,0,0,0,0,1,1
0,0,0,0,0,1,1
0,0,0,0,0,1,1
0,0,0,0,0,1,1
0,0,0,0,0,1,1
0,0,0,0,0,1,1
0,0,0,0,0,1,1
0,0,0,0,0,1,1
0,0,0,0,0,1,1
0,0,0,0,0,1,1
1,0,0,0,0,1,1
0,0,0,0,0,1,1
1,0,0,0,0,1,1
1,0,0,0,0,1,1
0,0,0,0,0,1,1
0,0,0,0,0,1,1
0,0,0,0,0,1,1
0,0,0,0,0,1,1
1,0,0,0,0,1,1
1,0,0,0,0,1,1
0,0,0,0,0,1,1
0,0,0,0,0,1,1
0,0,0,0,0,1,1
0,0,0,0,0,1,1
1,0,0,0,0,1,1
0,0,0,0,0,1,1
0,0,0,0,0,1,1
1,0,0,0,0,1,1
1,0,0,0,0,1,1
1,0,0,0,0,1,1
1,0,0,0,0,1,1
0,0,0,0,0,1,1
0,0,0,0,0,1,1
0,0,0,0,0,1,1
1,0,0,0,0,1,1
0,0,0,0,0,1,1
0,0,0,0,0,1,1
1,0,0,0,0,1,1
0,0,0,0,0,1,1
0,0,0,0,0,1,1
1,0,0,0,0,1,1
0,0,0,0,0,1,1
0,0,0,0,0,1,1
1,0,0,0,0,1,1
0,0,0,0,0,1,1
0,0,0,0,0,1,1
0,0,0,0,0,1,1
1,0,0,0,0,1,1
1,0,0,0,0,1,1
1,0,0,0,0,1,1
0,0,0,0,0,1,1
1,0,0,0,0,1,1
0,0,0,0,0,1,1
0,0,0,0,0,1,1
0,0,0,0,0,1,1
0,0,0,0,0,1,1
0,0,0,0,0,1,1
0,0,0,0,0,1,1
0,0,0,0,0,1,1
0,0,0,0,0,1,1
1,0,0,0,0,1,1
0,0,0,0,0,1,1
0,0,0,0,0,1,1
0,0,0,0,0,1,1
0,0,0,0,0,1,1
1,0,0,0,0,1,1
0,1,0,0,0,1,1
1,0,0,0,0,1,1
0,0,0,0,0,1,1
1,0,0,0,0,1,1
0,0,0,0,0,1,1
0,0,0,0,0,1,1
1,0,0,0,0,1,1
0,1,0,0,0,1,1
1,0,0,0,0,1,1
1,0,0,0,0,1,1
1,0,0,0,0,1,1
0,0,0,0,0,1,1
1,0,0,0,0,1,1
1,0,0,0,0,1,1
1,0,0,0,0,1,1
1,0,0,0,0,1,1
0,0,0,0,0,1,1
0,0,0,0,0,1,1
0,0,0,0,0,1,1
1,0,0,0,0,1,1
0,1,0,0,0,1,1
1,0,0,0,0,1,1
0,0,0,0,0,1,1
1,0,0,0,0,1,1
1,0,0,0,0,1,1
1,0,0,0,0,1,1
0,0,0,0,0,1,1
1,0,0,0,0,1,1
0,0,0,0,0,1,1
0,0,0,0,0,1,1
0,1,0,0,0,1,1
1,0,0,0,0,1,1
1,0,0,0,0,1,1
0,0,0,0,0,1,1
0,0,0,0,0,1,1
0,0,0,0,0,1,1
1,0,0,0,0,1,1
1,0,0,0,0,1,1
0,0,0,0,0,1,1
0,0,0,0,0,1,1
1,0,0,0,0,1,1
0,0,0,0,0,1,1
0,0,0,0,0,1,1
0,0,0,0,0,1,1
0,0,0,0,0,1,1
0,0,0,0,0,1,1
0,0,0,0,0,1,1
0,0,0,0,0,1,1
1,0,0,0,0,1,1
0,0,0,0,0,1,1
0,0,0,0,0,1,1
0,0,0,0,0,1,1
0,0,0,0,0,1,1
0,0,0,0,0,1,1
1,0,0,0,0,1,1
0,0,0,0,0,1,1
0,0,0,0,0,1,1
0,0,0,0,0,1,1
0,0,0,0,0,1,1
0,0,0,0,0,1,1
0,0,0,0,0,1,1
1,0,0,0,0,1,1
0,0,0,0,0,1,1
1,0,0,0,0,1,1
0,0,0,0,0,1,1
0,0,0,0,0,1,1
0,0,0,0,0,1,1
1,0,0,0,0,1,1
0,0,0,0,0,1,1
0,0,0,0,0,1,1
0,0,0,0,0,1,1
0,0,0,0,0,1,1
0,0,0,0,0,1,1
0,0,0,0,0,1,1
1,0,0,0,0,1,1
0,0,0,0,0,1,1
0,0,0,0,0,1,1
1,0,0,0,0,1,1
1,0,0,0,0,1,1
1,0,0,0,0,1,1
1,0,0,0,0,1,1
1,0,0,0,0,1,1
0,1,0,0,0,1,1
1,0,0,0,0,1,1
0,0,0,0,0,1,1
0,0,0,0,0,1,1
0,0,0,0,0,1,1
0,0,0,0,0,1,1
0,0,0,0,0,1,1
0,1,0,0,0,1,1
0,0,0,0,0,1,1
1,0,0,0,0,1,1
1,0,0,0,0,1,1
1,0,0,0,0,1,1
0,0,0,0,0,1,1
0,0,0,0,0,1,1
0,0,0,0,0,1,1
1,0,0,0,0,1,1
0,0,0,0,0,1,1
1,0,0,0,0,1,1
0,0,0,0,0,1,1
0,0,0,0,0,1,1
0,0,0,0,0,1,1
0,0,0,0,0,1,1
0,0,0,0,0,1,1
1,0,0,0,0,1,1
0,0,0,0,0,1,1
0,0,0,0,0,1,1
0,0,0,0,0,1,1
1,0,0,0,0,1,1
1,0,0,0,0,1,1
0,0,0,0,0,1,1
0,0,0,0,0,1,1
0,0,0,0,0,1,1
0,0,0,0,0,1,1
0,0,0,0,0,1,1
0,0,0,0,0,1,1
1,0,0,0,0,1,1
1,0,0,0,0,1,1
0,0,0,0,0,1,1
0,0,0,0,0,1,1
1,0,0,0,0,1,1
0,0,0,0,0,1,1
0,0,0,0,0,1,1
0,0,0,0,0,1,1
0,0,0,0,0,1,1
0,0,0,0,0,1,1
1,0,0,0,0,1,1
0,0,0,0,0,1,1
1,0,0,0,0,1,1
0,0,0,0,0,1,1
0,0,0,0,0,1,1
0,0,0,0,0,1,1
0,0,0,0,0,1,1
1,0,0,0,0,1,1
0,1,0,0,0,1,1
1,0,0,0,0,1,1
0,0,0,0,0,1,1
0,0,0,0,0,1,1
0,0,0,0,0,1,1
0,0,0,0,0,1,1
0,0,0,0,0,1,1
0,0,0,0,0,1,1
1,0,0,0,0,1,1
1,0,0,0,0,1,1
1,0,0,0,0,1,1
1,0,0,0,0,1,1
1,0,0,0,0,1,1
0,0,0,0,0,1,1
0,0,0,0,0,1,1
0,0,0,0,0,1,1
0,0,0,0,0,1,1
0,0,0,0,0,1,1
0,0,0,0,0,1,1
0,0,0,0,0,1,1
0,0,0,0,0,1,1
1,0,0,0,0,1,1
0,0,0,0,0,1,1
0,1,0,0,0,1,1
0,0,0,0,0,1,1
1,0,0,0,0,1,1
0,0,0,0,0,1,1
0,0,0,0,0,1,1
0,0,0,0,0,1,1
0,0,0,0,0,1,1
1,0,0,0,0,1,1
1,0,0,0,0,1,1
0,1,0,0,0,1,1
1,0,0,0,0,1,1
0,0,0,0,0,1,1
1,0,0,0,0,1,1
0,0,0,0,0,1,1
0,0,0,0,0,1,1
1,0,0,0,0,1,1
0,0,0,0,0,1,1
1,0,0,0,0,1,1
0,0,0,0,0,1,1
1,0,0,0,0,1,1
0,0,0,0,0,1,1
0,0,0,0,0,1,1
1,0,0,0,0,1,1
1,0,0,0,0,1,1
1,0,0,0,0,1,1
0,0,0,0,0,1,1
1,0,0,0,0,1,1
0,0,0,0,0,1,1
0,0,0,0,0,1,1
1,0,0,0,0,1,1
0,0,0,0,0,1,1
0,0,0,0,0,1,1
0,0,0,0,0,1,1
0,0,0,0,0,1,1
0,0,0,0,0,1,1
0,0,0,0,0,1,1
1,0,0,0,1,0,1
0,0,0,0,0,1,1
0,0,0,0,0,1,1
1,0,0,0,0,1,1
1,0,0,0,0,1,1
0,0,0,0,0,1,1
0,0,0,0,0,1,1
0,0,0,0,0,1,1
0,0,0,0,0,1,1
1,0,0,0,0,1,1
1,0,0,0,0,1,1
1,0,0,0,0,1,1
0,0,0,0,0,1,1
0,0,0,0,0,1,1
0,0,0,0,0,1,1
0,0,0,0,0,1,1
0,0,0,0,0,1,1
1,0,0,0,0,1,1
1,0,0,0,0,1,1
0,0,0,0,0,1,1
0,0,0,0,0,1,1
0,0,0,0,0,1,1
0,0,0,0,0,1,1
1,0,0,0,0,1,1
0,0,0,0,0,1,1
1,0,0,0,0,1,1
0,0,0,0,0,1,1
0,0,0,0,0,1,1
0,0,0,0,0,1,1
0,0,0,0,0,1,1
0,0,0,0,0,1,1
0,0,0,0,0,1,1
1,0,0,0,0,1,1
1,0,0,0,0,1,1
1,0,0,0,0,1,1
0,0,0,0,0,1,1
0,0,0,0,0,1,1
1,0,0,0,0,1,1
1,0,0,0,0,1,1
1,0,0,0,0,1,1
0,0,0,0,0,1,1
0,0,0,0,0,1,1
0,0,0,0,0,1,1
0,0,0,0,0,1,1
0,0,0,0,0,1,1
0,0,0,0,0,1,1
1,0,0,0,0,1,1
1,0,0,0,0,1,1
0,0,0,0,0,1,1
0,0,0,0,0,1,1
0,0,0,0,0,1,1
1,0,0,0,0,1,1
1,0,0,0,0,1,1
0,0,0,0,0,1,1
0,1,0,0,0,1,1
0,0,0,0,0,1,1
1,0,0,0,0,1,1
0,0,0,0,0,1,1
0,0,0,0,0,1,1
0,0,0,0,0,1,1
0,0,0,0,0,1,1
0,0,0,0,0,1,1
0,0,0,0,0,1,1
1,0,0,0,0,1,1
0,0,0,0,0,1,1
0,0,0,0,0,1,1
0,0,0,0,0,1,1
0,0,0,0,0,1,1
1,0,0,0,0,1,1
0,0,0,0,0,1,1
0,0,0,0,0,1,1
1,0,0,0,0,1,1
0,0,0,0,0,1,1
0,0,0,0,0,1,1
0,0,0,0,0,1,1
0,0,0,0,0,1,1
0,0,0,0,0,1,1
1,0,0,0,0,1,1
0,0,0,0,0,1,1
0,0,0,0,0,1,1
1,0,0,0,0,1,1
0,0,0,0,0,1,1
0,1,0,0,0,1,1
0,0,0,0,0,1,1
0,0,0,0,0,1,1
1,0,0,0,0,1,1
0,0,0,0,0,1,1
0,0,0,0,0,1,1
0,0,0,0,0,1,1
0,0,0,0,0,1,1
0,0,0,0,0,1,1
0,1,0,0,0,1,1
0,0,0,0,0,1,1
0,0,0,0,0,1,1
0,0,0,0,0,1,1
0,0,0,0,0,1,1
0,0,0,0,0,1,1
1,0,0,0,0,1,1
0,0,0,0,0,1,1
1,0,0,0,0,1,1
1,0,0,0,0,1,1
1,0,0,0,0,1,1
0,0,0,0,0,1,1
1,0,0,0,0,1,1
0,0,0,0,0,1,1
0,0,0,0,0,1,1
1,0,0,0,0,1,1
1,0,0,0,0,1,1
1,0,0,0,0,1,1
0,0,0,0,0,1,1
1,0,0,0,0,1,1
0,0,0,0,0,1,1
0,0,0,0,0,1,1
1,0,0,0,0,1,1
0,0,0,0,0,1,1
0,0,0,0,0,1,1
0,0,0,0,0,1,1
1,0,0,0,0,1,1
1,0,0,0,0,1,1
1,0,0,0,0,1,1
1,0,0,0,0,1,1
1,0,0,0,0,1,1
0,1,0,0,0,1,1
1,0,0,0,0,1,1
0,0,0,0,0,1,1
0,0,0,0,0,1,1
1,0,0,0,0,1,1
0,0,0,0,0,1,1
0,0,0,0,0,1,1
0,0,0,0,0,1,1
0,0,0,0,0,1,1
1,0,0,0,0,1,1
0,1,0,0,0,1,1
1,0,0,0,0,1,1
0,1,0,0,0,1,1
0,0,0,0,0,1,1
0,0,0,0,0,1,1
1,0,0,0,0,1,1
0,0,0,0,0,1,1
0,1,0,0,0,1,1
0,0,0,0,0,1,1
1,0,0,0,0,1,1
0,0,0,0,0,1,1
0,0,0,0,0,1,1
0,0,0,0,0,1,1
0,0,0,0,0,1,1
1,0,0,0,0,1,1
1,0,0,0,0,1,1
0,0,0,0,0,1,1
0,0,0,0,0,1,1
1,0,0,0,0,1,1
1,0,0,0,0,1,1
1,0,0,0,0,1,1
1,0,0,0,0,1,1
1,0,0,0,0,1,1
0,0,0,0,0,1,1
0,0,0,0,0,1,1
0,0,0,0,0,1,1
0,0,0,0,0,1,1
0,0,0,0,0,1,1
1,0,0,0,0,1,1
0,0,0,0,0,1,1
0,0,0,0,0,1,1
0,1,0,0,0,1,1
0,0,0,0,0,1,1
1,0,0,0,0,1,1
0,0,0,0,0,1,1
1,0,0,0,0,1,1
1,0,0,0,0,1,1
0,0,0,0,0,1,1
0,0,0,0,0,1,1
0,0,0,0,0,1,1
1,0,0,0,0,1,1
0,0,0,0,0,1,1
1,0,0,0,0,1,1
1,0,0,0,0,1,1
0,1,0,0,0,1,1
1,0,0,0,0,1,1
0,0,0,0,0,1,1
0,0,0,0,0,1,1
0,0,0,0,0,1,1
0,0,0,0,0,1,1
1,0,0,0,0,1,1
1,0,0,0,0,1,1
0,0,0,0,0,1,1
0,0,0,0,0,1,1
0,0,0,0,0,1,1
0,0,0,0,0,1,1
0,0,0,0,0,1,1
0,0,0,0,0,1,1
0,0,0,0,0,1,1
0,0,0,0,0,1,1
0,0,0,0,0,1,1
1,0,0,0,0,1,1
0,0,0,0,0,1,1
1,0,0,0,0,1,1
0,0,0,0,0,1,1
0,0,0,0,0,1,1
0,0,0,0,0,1,1
1,0,0,0,0,1,1
0,0,0,0,0,1,1
0,0,0,0,0,1,1
0,0,0,0,0,1,1
1,0,0,0,0,1,1
0,0,0,0,0,1,1
0,0,0,0,0,1,1
0,0,0,0,0,1,1
0,0,0,0,0,1,1
1,0,0,0,0,1,1
1,0,0,0,0,1,1
0,0,0,0,0,1,1
0,0,0,0,0,1,1
0,0,0,0,0,1,1
0,0,0,0,0,1,1
1,0,0,0,0,1,1
0,0,0,0,0,1,1
0,0,0,0,0,1,1
0,0,0,0,0,1,1
0,0,0,0,0,1,1
0,0,0,0,0,1,1
1,0,0,0,0,1,1
0,0,0,0,0,1,1
1,0,0,0,0,1,1
0,0,0,0,0,1,1
0,0,0,0,0,1,1
0,0,0,0,0,1,1
0,0,0,0,0,1,1
1,0,0,0,0,1,1
0,0,0,0,0,1,1
0,0,0,0,0,1,1
0,0,0,0,0,1,1
0,0,0,0,0,1,1
0,1,0,0,0,1,1
0,0,0,0,0,1,1
0,0,0,0,0,1,1
1,0,0,0,0,1,1
0,1,0,0,0,1,1
1,0,0,0,0,1,1
1,0,0,0,0,1,1
0,0,0,0,0,1,1
0,0,0,0,0,1,1
0,0,0,0,0,1,1
0,0,0,0,0,1,1
0,0,0,0,0,1,1
0,0,0,0,0,1,1
0,0,0,0,0,1,1
0,0,0,0,0,1,1
1,0,0,0,0,1,1
0,0,0,0,0,1,1
0,0,0,0,0,1,1
1,0,0,0,0,1,1
1,0,0,0,0,1,1
1,0,0,0,0,1,1
0,0,0,0,0,1,1
0,0,0,0,0,1,1
1,0,0,0,0,1,1
0,0,0,0,0,1,1
0,0,0,0,0,1,1
0,0,0,0,0,1,1
0,0,0,0,0,1,1
0,0,0,0,0,1,1
1,0,0,0,0,1,1
0,0,0,0,0,1,1
1,0,0,0,0,1,1
0,0,0,0,0,1,1
0,0,0,0,0,1,1
0,0,0,0,0,1,1
0,0,0,0,0,1,1
0,0,0,0,0,1,1
0,0,0,0,0,1,1
0,1,0,0,0,1,1
0,0,0,0,0,1,1
0,0,0,0,0,1,1
0,0,0,0,0,1,1
0,0,0,0,0,1,1
0,0,0,0,0,1,1
0,0,0,0,0,1,1
0,0,0,0,0,1,1
1,0,0,0,0,1,1
1,0,0,0,0,1,1
1,0,0,0,0,1,1
1,0,0,0,0,1,1
1,0,0,0,0,1,1
1,0,0,0,0,1,1
0,0,0,0,0,1,1
1,0,0,0,0,1,1
0,0,0,0,0,1,1
0,0,0,0,0,1,1
1,0,0,0,0,1,1
0,0,0,0,0,1,1
0,0,0,0,0,1,1
0,1,0,0,0,1,1
0,1,0,0,0,1,1
0,1,0,0,0,1,1
0,0,0,0,0,1,1
0,0,0,0,0,1,1
0,0,0,0,0,1,1
0,0,0,0,0,1,1
0,0,0,0,0,1,1
0,0,0,0,0,1,1
0,0,0,0,0,1,1
0,1,0,0,0,1,1
0,0,0,0,0,1,1
0,0,0,0,0,1,1
1,0,0,0,0,1,1
0,0,0,0,0,1,1
1,0,0,0,0,1,1
0,1,0,0,0,1,1
0,1,0,0,0,1,1
1,0,0,0,0,1,1
0,0,0,0,0,1,1
0,0,0,0,0,1,1
1,0,0,0,0,1,1
1,0,0,0,0,1,1
0,1,0,0,0,1,1
1,0,0,0,0,1,1
1,0,0,0,0,1,1
0,0,0,0,0,1,1
1,0,0,0,0,1,1
0,0,0,0,0,1,1
0,0,0,0,0,1,1
0,0,0,0,0,1,1
0,0,0,0,0,1,1
0,1,0,0,0,1,1
1,0,0,0,0,1,1
0,0,0,0,0,1,1
0,0,0,0,0,1,1
1,0,0,0,0,1,1
0,0,0,0,0,1,1
0,0,0,0,0,1,1
0,0,0,0,0,1,1
1,0,0,0,0,1,1
0,0,0,0,0,1,1
0,0,0,0,0,1,1
1,0,0,0,0,1,1
1,0,0,0,0,1,1
1,0,0,0,0,1,1
0,0,0,0,0,1,1
0,0,0,0,0,1,1
1,0,0,0,0,1,1
0,0,0,0,0,1,1
0,0,0,0,0,1,1
0,0,0,0,0,1,1
0,0,0,0,0,1,1
1,0,0,0,0,1,1
0,0,0,0,0,1,1
0,0,0,0,0,1,1
1,0,0,0,0,1,1
0,0,0,0,0,1,1
1,0,0,0,0,1,1
0,0,0,0,0,1,1
0,0,0,0,0,1,1
1,0,0,0,0,1,1
0,0,0,0,0,1,1
0,0,0,0,0,1,1
0,0,0,0,0,1,1
1,0,0,0,0,1,1
0,0,0,0,0,1,1
1,0,0,0,0,1,1
0,0,0,0,0,1,1
0,0,0,0,0,1,1
0,0,0,0,0,1,1
1,0,0,0,0,1,1
0,0,0,0,0,1,1
1,0,0,0,0,1,1
0,0,0,0,0,1,1
0,0,0,0,0,1,1
1,0,0,0,0,1,1
1,0,0,0,0,1,1
1,0,0,0,0,1,1
1,0,0,0,0,1,1
1,0,0,0,0,1,1
0,0,0,0,0,1,1
1,0,0,0,0,1,1
1,0,0,0,0,1,1
0,0,0,0,0,1,1
0,0,0,0,0,1,1
0,0,0,0,0,1,1
0,0,0,0,0,1,1
0,0,0,0,0,1,1
0,0,0,0,0,1,1
0,0,0,0,0,1,1
1,0,0,0,0,1,1
0,0,0,0,0,1,1
0,0,0,0,0,1,1
1,0,0,0,0,1,1
0,0,0,0,0,1,1
0,0,0,0,0,1,1
0,0,0,0,0,1,1
1,0,0,0,0,1,1
0,0,0,0,0,1,1
1,0,0,0,0,1,1
0,0,0,0,0,1,1
0,0,0,0,0,1,1
0,0,0,0,0,1,1
0,0,0,0,0,1,1
1,0,0,0,0,1,1
0,0,0,0,0,1,1
0,0,0,0,0,1,1
0,0,0,0,0,1,1
0,0,0,0,0,1,1
0,0,0,0,0,1,1
1,0,0,0,0,1,1
1,0,0,0,0,1,1
1,0,0,0,0,1,1
0,0,0,0,0,1,1
1,0,0,0,0,1,1
1,0,0,0,0,1,1
0,0,0,0,0,1,1
1,0,0,0,0,1,1
0,0,0,0,0,1,1
0,0,0,0,0,1,1
1,0,0,0,0,1,1
0,0,0,0,0,1,1
0,0,0,0,0,1,1
1,0,0,0,0,1,1
0,0,0,0,0,1,1
0,0,0,0,0,1,1
0,0,0,0,0,1,1
1,0,0,0,0,1,1
1,0,0,0,0,1,1
0,0,0,0,0,1,1
1,0,0,0,0,1,1
0,0,0,0,0,1,1
0,0,0,0,0,1,1
1,0,0,0,0,1,1
1,0,0,0,0,1,1
0,0,0,0,0,1,1
1,0,0,0,0,1,1
0,0,0,0,0,1,1
0,0,0,0,0,1,1
0,0,0,0,0,1,1
0,0,0,0,0,1,1
0,0,0,0,0,1,1
0,0,0,0,0,1,1
0,0,0,0,0,1,1
0,0,0,0,0,1,1
1,0,0,0,0,1,1
0,0,0,0,0,1,1
0,0,0,0,0,1,1
0,1,0,0,0,1,1
0,0,0,0,0,1,1
0,0,0,0,0,1,1
0,0,0,0,0,1,1
1,0,0,0,0,1,1
0,0,0,0,0,1,1
0,0,0,0,0,1,1
0,0,0,0,0,1,1
0,0,0,0,0,1,1
0,0,0,0,0,1,1
0,0,0,0,0,1,1
0,0,0,0,0,1,1
0,0,0,0,0,1,1
1,0,0,0,0,1,1
0,0,0,0,0,1,1
1,0,0,0,0,1,1
0,0,0,0,0,1,1
1,0,0,0,0,1,1
1,0,0,0,0,1,1
0,0,0,0,0,1,1
1,0,0,0,0,1,1
1,0,0,0,0,1,1
0,0,0,0,0,1,1
0,0,0,0,0,1,1
1,0,0,0,0,1,1
0,0,0,0,0,1,1
0,0,0,0,0,1,1
0,0,0,0,0,1,1
1,0,0,0,0,1,1
0,0,0,0,0,1,1
0,0,0,0,0,1,1
1,0,0,0,0,1,1
0,0,0,0,0,1,1
1,0,0,0,0,1,1
1,0,0,0,0,1,1
0,0,0,0,0,1,1
1,0,0,0,0,1,1
0,0,0,0,0,1,1
0,0,0,0,0,1,1
1,0,0,0,0,1,1
0,0,0,0,0,1,1
0,0,0,0,0,1,1
0,0,0,0,0,1,1
0,0,0,0,0,1,1
0,0,0,0,0,1,1
0,0,0,0,0,1,1
1,0,0,0,0,1,1
1,0,0,0,0,1,1
1,0,0,0,0,1,1
1,0,0,0,0,1,1
1,0,0,0,0,1,1
0,0,0,0,0,1,1
0,0,0,0,0,1,1
0,0,0,0,0,1,1
1,0,0,0,0,1,1
1,0,0,0,0,1,1
0,0,0,0,0,1,1
0,0,0,0,0,1,1
1,0,0,0,0,1,1
0,0,0,0,0,1,1
0,0,0,0,0,1,1
0,0,0,0,0,1,1
1,0,0,0,0,1,1
0,0,0,0,0,1,1
1,0,0,0,0,1,1
0,0,0,0,0,1,1
0,0,0,0,0,1,1
1,0,0,0,0,1,1
0,0,0,0,0,1,1
0,0,0,0,0,1,1
1,0,0,0,0,1,1
0,0,0,0,0,1,1
0,0,0,0,0,1,1
0,0,0,0,0,1,1
0,0,0,0,0,1,1
0,1,0,0,0,1,1
0,0,0,0,0,1,1
1,0,0,0,0,1,1
1,0,0,0,0,1,1
0,0,0,0,0,1,1
1,0,0,0,0,1,1
0,1,0,0,0,1,1
0,0,0,0,0,1,1
0,0,0,0,0,1,1
0,0,0,0,0,1,1
0,0,0,0,0,1,1
0,0,0,0,0,1,1
1,0,0,0,0,1,1
0,0,0,0,0,1,1
1,0,0,0,0,1,1
1,0,0,0,0,1,1
1,0,0,0,0,1,1
0,0,0,0,0,1,1
1,0,0,0,0,1,1
0,0,0,0,0,1,1
1,0,0,0,0,1,1
0,0,0,0,0,1,1
0,0,0,0,0,1,1
1,0,0,0,0,1,1
0,0,0,0,0,1,1
1,0,0,0,0,1,1
0,0,0,0,0,1,1
0,0,0,0,0,1,1
0,1,0,0,0,1,1
0,0,0,0,0,1,1
1,0,0,0,0,1,1
0,0,0,0,0,1,1
0,0,0,0,0,1,1
1,0,0,0,0,1,1
0,0,0,0,0,1,1
1,0,0,0,0,1,1
0,0,0,0,0,1,1
1,0,0,0,0,1,1
0,0,0,0,0,1,1
1,0,0,0,0,1,1
0,0,0,0,0,1,1
0,0,0,0,0,1,1
1,0,0,0,0,1,1
0,0,0,0,0,1,1
0,0,0,0,0,1,1
0,0,0,0,0,1,1
0,0,0,0,0,1,1
0,0,0,0,0,1,1
0,1,0,0,0,1,1
0,0,0,0,0,1,1
0,0,0,0,0,1,1
0,0,0,0,0,1,1
0,0,0,0,0,1,1
0,0,0,0,0,1,1
0,0,0,0,0,1,1
1,0,0,0,0,1,1
0,0,0,0,0,1,1
0,0,0,0,0,1,1
0,0,0,0,0,1,1
1,0,0,0,0,1,1
0,0,0,0,0,1,1
1,0,0,0,0,1,1
0,0,0,0,0,1,1
1,0,0,0,0,1,1
1,0,0,0,0,1,1
0,0,0,0,0,1,1
1,0,0,0,0,1,1
1,0,0,0,0,1,1
0,0,0,0,0,1,1
0,1,0,0,0,1,1
0,0,0,0,0,1,1
1,0,0,0,0,1,1
0,0,0,0,0,1,1
1,0,0,0,0,1,1
0,0,0,0,0,1,1
0,0,0,0,0,1,1
0,0,0,0,0,1,1
0,0,0,0,0,1,1
0,0,0,0,0,1,1
0,0,0,0,0,1,1
0,0,0,0,0,1,1
0,0,0,0,0,1,1
0,0,0,0,0,1,1
0,0,0,0,0,1,1
1,0,0,0,0,1,1
0,0,0,0,0,1,1
0,0,0,0,0,1,1
0,0,0,0,0,1,1
0,0,0,0,0,1,1
1,0,0,0,0,1,1
0,0,0,0,0,1,1
0,0,0,0,0,1,1
0,0,0,0,0,1,1
0,0,0,0,0,1,1
1,0,0,0,0,1,1
0,0,0,0,0,1,1
0,0,0,0,0,1,1
0,0,0,0,0,1,1
1,0,0,0,0,1,1
0,0,0,0,0,1,1
1,0,0,0,0,1,1
0,0,0,0,0,1,1
0,0,0,0,0,1,1
0,1,0,0,0,1,1
1,0,0,0,0,1,1
0,0,0,0,0,1,1
0,0,0,0,0,1,1
0,0,0,0,0,1,1
1,0,0,0,0,1,1
1,0,0,0,0,1,1
0,0,0,0,0,1,1
0,0,0,0,0,1,1
0,0,0,0,0,1,1
0,0,0,0,0,1,1
0,0,0,0,0,1,1
0,1,0,0,0,1,1
0,1,0,0,0,1,1
0,0,0,0,0,1,1
0,0,0,0,0,1,1
0,0,0,0,0,1,1
1,0,0,0,0,1,1
0,0,0,0,0,1,1
0,0,0,0,0,1,1
1,0,0,0,0,1,1
0,0,0,0,0,1,1
0,0,0,0,0,1,1
0,0,0,0,0,1,1
1,0,0,0,0,1,1
0,0,0,0,0,1,1
0,0,0,0,0,1,1
0,1,0,0,0,1,1
0,0,0,0,0,1,1
0,0,0,0,0,1,1
0,0,0,0,0,1,1
1,0,0,0,0,1,1
1,0,0,0,0,1,1
0,0,0,0,0,1,1
1,0,0,0,0,1,1
0,0,0,0,0,1,1
0,0,0,0,0,1,1
0,0,0,0,0,1,1
0,0,0,0,0,1,1
0,0,0,0,0,1,1
0,0,0,0,0,1,1
0,0,0,0,0,1,1
0,0,0,0,0,1,1
1,0,0,0,0,1,1
1,0,0,0,0,1,1
0,0,0,0,0,1,1
0,0,0,0,0,1,1
0,0,0,0,0,1,1
1,0,0,0,0,1,1
0,0,0,0,0,1,1
1,0,0,0,0,1,1
0,0,0,0,0,1,1
1,0,0,0,0,1,1
0,1,0,0,0,1,1
0,0,0,0,0,1,1
0,0,0,0,0,1,1
0,0,0,0,0,1,1
0,0,0,0,0,1,1
0,0,0,0,0,1,1
0,0,0,0,0,1,1
0,0,0,0,0,1,1
0,0,0,0,0,1,1
0,0,0,0,0,1,1
0,0,0,0,0,1,1
0,1,0,0,0,1,1
0,0,0,0,0,1,1
0,0,0,0,0,1,1
0,0,0,0,0,1,1
0,0,0,0,0,1,1
0,0,0,0,0,1,1
0,0,0,0,0,1,1
0,0,0,0,0,1,1
0,1,0,0,0,1,1
0,0,0,0,0,1,1
0,0,0,0,0,1,1
0,1,0,0,0,1,1
0,0,0,0,0,1,1
0,0,0,0,0,1,1
0,0,0,0,0,1,1
0,0,0,0,0,1,1
0,0,0,0,0,1,1
0,1,0,0,0,1,1
1,0,0,0,0,1,1
1,0,0,0,0,1,1
0,0,0,0,0,1,1
0,0,0,0,0,1,1
0,0,0,0,0,1,1
0,0,0,0,0,1,1
1,0,0,0,0,1,1
0,0,0,0,0,1,1
1,0,0,0,0,1,1
0,0,0,0,0,1,1
0,0,0,0,0,1,1
0,0,0,0,0,1,1
0,0,0,0,0,1,1
1,0,0,0,0,1,1
0,0,0,0,0,1,1
0,0,0,0,0,1,1
1,0,0,0,0,1,1
1,0,0,0,0,1,1
0,0,0,0,0,1,1
1,0,0,0,0,1,1
1,0,0,0,0,1,1
0,0,0,0,0,1,1
0,0,0,0,0,1,1
1,0,0,0,0,1,1
1,0,0,0,0,1,1
0,0,0,0,0,1,1
0,0,0,0,0,1,1
0,0,0,0,0,1,1
0,0,0,0,0,1,1
0,0,0,0,0,1,1
0,0,0,0,0,1,1
0,0,0,0,0,1,1
1,0,0,0,0,1,1
0,0,0,0,0,1,1
0,0,0,0,0,1,1
0,0,0,0,0,1,1
1,0,0,0,0,1,1
0,0,0,0,0,1,1
0,0,0,0,0,1,1
0,0,0,0,0,1,1
1,0,0,0,0,1,1
1,0,0,0,0,1,1
0,0,0,0,0,1,1
1,0,0,0,0,1,1
0,0,0,0,0,1,1
1,0,0,0,0,1,1
0,0,0,0,0,1,1
0,0,0,0,0,1,1
1,0,0,0,0,1,1
0,0,0,0,0,1,1
0,0,0,0,0,1,1
1,0,0,0,0,1,1
0,0,0,0,0,1,1
0,1,0,0,0,1,1
0,0,0,0,0,1,1
0,0,0,0,0,1,1
1,0,0,0,0,1,1
0,0,0,0,0,1,1
1,0,0,0,0,1,1
0,0,0,0,0,1,1
0,0,0,0,0,1,1
1,0,0,0,0,1,1
1,0,0,0,0,1,1
1,0,0,0,0,1,1
0,0,0,0,0,1,1
0,0,0,0,0,1,1
0,0,0,0,0,1,1
0,0,0,0,0,1,1
0,0,0,0,0,1,1
0,0,0,0,0,1,1
0,0,0,0,0,1,1
0,0,0,0,0,1,1
1,0,0,0,0,1,1
1,0,0,0,0,1,1
0,0,0,0,0,1,1
1,0,0,0,0,1,1
1,0,0,0,0,1,1
1,0,0,0,0,1,1
0,1,0,0,0,1,1
0,0,0,0,0,1,1
0,0,0,0,0,1,1
1,0,0,0,0,1,1
1,0,0,0,0,1,1
0,0,0,0,0,1,1
0,0,0,0,0,1,1
1,0,0,0,0,1,1
0,0,0,0,0,1,1
0,0,0,0,0,1,1
0,0,0,0,0,1,1
1,0,0,0,0,1,1
0,0,0,0,0,1,1
1,0,0,0,0,1,1
0,0,0,0,0,1,1
1,0,0,0,0,1,1
1,0,0,0,0,1,1
0,0,0,0,0,1,1
0,0,0,0,0,1,1
0,0,0,0,0,1,1
0,0,0,0,0,1,1
1,0,0,0,0,1,1
1,0,0,0,0,1,1
0,0,0,0,0,1,1
1,0,0,0,0,1,1
0,0,0,0,0,1,1
1,0,0,0,0,1,1
1,0,0,0,0,1,1
0,0,0,0,0,1,1
1,0,0,0,0,1,1
1,0,0,0,0,1,1
0,0,0,0,0,1,1
1,0,0,0,0,1,1
1,0,0,0,0,1,1
0,0,0,0,0,1,1
0,0,0,0,0,1,1
0,0,0,0,0,1,1
0,0,0,0,0,1,1
1,0,0,0,0,1,1
1,0,0,0,0,1,1
0,0,0,0,0,1,1
0,0,0,0,0,1,1
1,0,0,0,0,1,1
0,0,0,0,0,1,1
1,0,0,0,0,1,1
0,0,0,0,0,1,1
0,0,0,0,0,1,1
0,0,0,0,0,1,1
0,0,0,0,0,1,1
1,0,0,0,0,1,1
0,0,0,0,0,1,1
1,0,0,0,0,1,1
0,0,0,0,0,1,1
1,0,0,0,0,1,1
0,0,0,0,0,1,1
1,0,0,0,0,1,1
0,0,0,0,0,1,1
0,0,0,0,0,1,1
1,0,0,0,0,1,1
0,0,0,0,0,1,1
1,0,0,0,0,1,1
0,0,0,0,0,1,1
0,0,0,0,0,1,1
0,0,0,0,0,1,1
1,0,0,0,0,1,1
0,0,0,0,0,1,1
1,0,0,0,0,1,1
1,0,0,0,0,1,1
0,1,0,0,0,1,1
0,0,0,0,0,1,1
0,0,0,0,0,1,1
0,0,0,0,0,1,1
1,0,0,0,0,1,1
0,0,0,0,0,1,1
0,0,0,0,0,1,1
0,0,0,0,0,1,1
0,0,0,0,0,1,1
1,0,0,0,0,1,1
1,0,0,0,0,1,1
0,0,0,0,0,1,1
1,0,0,0,0,1,1
0,0,0,0,0,1,1
1,0,0,0,0,1,1
0,1,0,0,0,1,1
0,0,0,0,0,1,1
0,0,0,0,0,1,1
1,0,0,0,0,1,1
0,0,0,0,0,1,1
0,0,0,0,0,1,1
0,0,0,0,0,1,1
1,0,0,0,0,1,1
1,0,0,0,0,1,1
1,0,0,0,0,1,1
0,0,0,0,0,1,1
1,0,0,0,0,1,1
0,0,0,0,0,1,1
0,0,0,0,0,1,1
1,0,0,0,0,1,1
0,0,0,0,0,1,1
1,0,0,0,0,1,1
1,0,0,0,0,1,1
0,0,0,0,0,1,1
1,0,0,0,0,1,1
0,0,0,0,0,1,1
1,0,0,0,0,1,1
0,0,0,0,0,1,1
0,0,0,0,0,1,1
0,0,0,0,0,1,1
0,0,0,0,0,1,1
0,0,0,0,0,1,1
0,0,0,0,0,1,1
0,0,0,0,0,1,1
0,0,0,0,0,1,1
0,0,0,0,0,1,1
1,0,0,0,0,1,1
0,0,0,0,0,1,1
0,0,0,0,0,1,1
1,0,0,0,0,1,1
0,0,0,0,0,1,1
0,0,0,0,0,1,1
1,0,0,0,0,1,1
0,0,0,0,0,1,1
0,0,0,0,0,1,1
0,0,0,0,0,1,1
1,0,0,0,0,1,1
0,0,0,0,0,1,1
1,0,0,0,0,1,1
1,0,0,0,0,1,1
0,0,0,0,0,1,1
0,0,0,0,0,1,1
0,0,0,0,0,1,1
0,0,0,0,0,1,1
0,0,0,0,0,1,1
0,1,0,0,0,1,1
0,0,0,0,0,1,1
0,0,0,0,0,1,1
0,0,0,0,0,1,1
0,0,0,0,0,1,1
1,0,0,0,0,1,1
1,0,0,0,0,1,1
1,0,0,0,0,1,1
0,0,0,0,0,1,1
0,0,0,0,0,1,1
1,0,0,0,0,1,1
1,0,0,0,0,1,1
0,0,0,0,0,1,1
0,0,0,0,0,1,1
1,0,0,0,0,1,1
0,0,0,0,0,1,1
1,0,0,0,0,1,1
0,0,0,0,0,1,1
1,0,0,0,0,1,1
0,0,0,0,0,1,1
0,0,0,0,0,1,1
0,0,0,0,0,1,1
0,0,0,0,0,1,1
0,0,0,0,0,1,1
1,0,0,0,0,1,1
0,0,0,0,0,1,1
1,0,0,0,0,1,1
1,0,0,0,0,1,1
1,0,0,0,0,1,1
0,0,0,0,0,1,1
0,0,0,0,0,1,1
0,0,0,0,0,1,1
0,0,0,0,0,1,1
0,0,0,0,0,1,1
0,0,0,0,0,1,1
0,0,0,0,0,1,1
0,0,0,0,0,1,1
0,0,0,0,0,1,1
0,0,0,0,0,1,1
0,0,0,0,0,1,1
0,0,0,0,0,1,1
0,0,0,0,0,1,1
1,0,0,0,0,1,1
1,0,0,0,0,1,1
0,0,0,0,0,1,1
0,0,0,0,0,1,1
0,0,0,0,0,1,1
0,0,0,0,0,1,1
0,0,0,0,0,1,1
0,0,0,0,0,1,1
0,0,0,0,0,1,1
0,0,0,0,0,1,1
0,0,0,0,0,1,1
0,0,0,0,0,1,1
1,0,0,0,0,1,1
0,0,0,0,0,1,1
0,0,0,0,0,1,1
0,0,0,0,0,1,1
1,0,0,0,0,1,1
1,0,0,0,0,1,1
0,0,0,0,0,1,1
1,0,0,0,0,1,1
0,0,0,0,0,1,1
1,0,0,0,0,1,1
0,0,0,0,0,1,1
1,0,0,0,0,1,1
0,0,0,0,0,1,1
1,0,0,0,0,1,1
1,0,0,0,0,1,1
1,0,0,0,0,1,1
1,0,0,0,0,1,1
0,0,0,0,0,1,1
0,0,0,0,0,1,1
0,0,0,0,0,1,1
0,0,0,0,0,1,1
0,0,0,0,0,1,1
1,0,0,0,0,1,1
0,0,0,0,0,1,1
1,0,0,0,0,1,1
1,0,0,0,0,1,1
0,0,0,0,0,1,1
0,0,0,0,0,1,1
1,0,0,0,0,1,1
1,0,0,0,0,1,1
1,0,0,0,0,1,1
0,0,0,0,0,1,1
0,0,0,0,0,1,1
1,0,0,0,0,1,1
1,0,0,0,0,1,1
0,1,0,0,0,1,1
0,0,0,0,0,1,1
0,0,0,0,0,1,1
0,0,0,0,0,1,1
0,0,0,0,0,1,1
1,0,0,0,0,1,1
1,0,0,0,0,1,1
1,0,0,0,0,1,1
0,0,0,0,0,1,1
0,0,0,0,0,1,1
0,0,0,0,0,1,1
0,0,0,0,0,1,1
0,0,0,0,0,1,1
1,0,0,0,0,1,1
1,0,0,0,0,1,1
0,1,0,0,0,1,1
0,0,0,0,0,1,1
0,0,0,0,0,1,1
0,0,0,0,0,1,1
0,0,0,0,0,1,1
0,0,0,0,0,1,1
0,0,0,0,0,1,1
1,0,0,0,0,1,1
0,0,0,0,0,1,1
0,0,0,0,0,1,1
0,0,0,0,0,1,1
0,0,0,0,0,1,1
0,0,0,0,0,1,1
0,0,0,0,0,1,1
1,0,0,0,0,1,1
0,1,0,0,0,1,1
0,0,0,0,0,1,1
0,0,0,0,0,1,1
1,0,0,0,0,1,1
0,0,0,0,0,1,1
0,0,0,0,0,1,1
1,0,0,0,0,1,1
0,0,0,0,0,1,1
0,1,0,0,1,0,1
0,0,0,0,0,1,1
1,0,0,0,0,1,1
1,0,0,0,0,1,1
0,0,0,0,0,1,1
0,0,0,0,0,1,1
0,0,0,0,0,1,1
0,0,0,0,0,1,1
0,0,0,0,0,1,1
0,0,0,0,0,1,1
0,0,0,0,0,1,1
0,0,0,0,0,1,1
0,0,0,0,0,1,1
0,0,0,0,0,1,1
0,0,0,0,0,1,1
0,0,0,0,0,1,1
0,0,0,0,0,1,1
0,0,0,0,0,1,1
0,0,0,0,0,1,1
1,0,0,0,0,1,1
1,0,0,0,0,1,1
0,1,0,0,0,1,1
1,0,0,0,0,1,1
0,0,0,0,0,1,1
1,0,0,0,0,1,1
1,0,0,0,0,1,1
0,0,0,0,0,1,1
0,0,0,0,0,1,1
1,0,0,0,0,1,1
0,0,0,0,0,1,1
0,0,0,0,0,1,1
0,0,0,0,0,1,1
1,0,0,0,0,1,1
0,0,0,0,0,1,1
0,0,0,0,0,1,1
1,0,0,0,0,1,1
0,0,0,0,0,1,1
0,0,0,0,0,1,1
0,0,0,0,0,1,1
1,0,0,0,0,1,1
0,1,0,0,0,1,1
1,0,0,0,0,1,1
0,0,0,0,0,1,1
1,0,0,0,0,1,1
0,0,0,0,0,1,1
0,0,0,0,0,1,1
0,0,0,0,0,1,1
0,0,0,0,0,1,1
1,0,0,0,0,1,1
1,0,0,0,0,1,1
0,0,0,0,0,1,1
0,0,0,0,0,1,1
1,0,0,0,0,1,1
0,0,0,0,0,1,1
0,1,0,0,0,1,1
0,0,0,0,0,1,1
1,0,0,0,0,1,1
1,0,0,0,0,1,1
0,0,0,0,0,1,1
0,1,0,0,0,1,1
0,0,0,0,0,1,1
0,0,0,0,0,1,1
0,0,0,0,0,1,1
0,0,0,0,0,1,1
0,0,0,0,0,1,1
0,0,0,0,0,1,1
0,0,0,0,0,1,1
0,0,0,0,0,1,1
0,0,0,0,0,1,1
0,0,0,0,0,1,1
1,0,0,0,0,1,1
0,0,0,0,0,1,1
0,0,0,0,0,1,1
0,0,0,0,0,1,1
0,0,0,0,0,1,1
0,0,0,0,0,1,1
0,0,0,0,0,1,1
0,0,0,0,0,1,1
1,0,0,0,0,1,1
1,0,0,0,0,1,1
0,0,0,0,0,1,1
1,0,0,0,0,1,1
0,0,0,0,0,1,1
0,0,0,0,0,1,1
0,0,0,0,0,1,1
1,0,0,0,0,1,1
0,0,0,0,0,1,1
1,0,0,0,0,1,1
0,0,0,0,0,1,1
1,0,0,0,0,1,1
1,0,0,0,0,1,1
0,0,0,0,0,1,1
0,0,0,0,0,1,1
0,0,0,0,0,1,1
0,0,0,0,0,1,1
0,0,0,0,0,1,1
0,0,0,0,0,1,1
0,0,0,0,0,1,1
1,0,0,0,0,1,1
1,0,0,0,0,1,1
1,0,0,0,0,1,1
0,0,0,0,0,1,1
1,0,0,0,0,1,1
0,0,0,0,0,1,1
0,0,0,0,0,1,1
0,0,0,0,0,1,1
1,0,0,0,0,1,1
0,0,0,0,0,1,1
0,0,0,0,0,1,1
0,0,0,0,0,1,1
1,0,0,0,0,1,1
0,0,0,0,0,1,1
0,0,0,0,0,1,1
0,0,0,0,0,1,1
0,0,0,0,0,1,1
0,0,0,0,0,1,1
0,1,0,0,0,1,1
0,0,0,0,0,1,1
0,0,0,0,0,1,1
1,0,0,0,0,1,1
1,0,0,0,0,1,1
0,0,0,0,0,1,1
0,0,0,0,0,1,1
1,0,0,0,0,1,1
0,0,0,0,0,1,1
1,0,0,0,0,1,1
0,0,0,0,0,1,1
0,0,0,0,0,1,1
1,0,0,0,0,1,1
0,0,0,0,0,1,1
0,0,0,0,0,1,1
1,0,0,0,0,1,1
0,0,0,0,0,1,1
0,0,0,0,0,1,1
1,0,0,0,0,1,1
0,0,0,0,0,1,1
0,0,0,0,0,1,1
0,0,0,0,0,1,1
0,0,0,0,0,1,1
1,0,0,0,0,1,1
1,0,0,0,0,1,1
0,0,0,0,0,1,1
0,0,0,0,0,1,1
0,0,0,0,0,1,1
1,0,0,0,0,1,1
0,0,0,0,0,1,1
0,0,0,0,0,1,1
0,0,0,0,0,1,1
1,0,0,0,0,1,1
1,0,0,0,0,1,1
1,0,0,0,0,1,1
0,0,0,0,0,1,1
0,0,0,0,0,1,1
1,0,0,0,0,1,1
0,0,0,0,0,1,1
1,0,0,0,0,1,1
0,0,0,0,0,1,1
1,0,0,0,0,1,1
0,0,0,0,0,1,1
0,0,0,0,0,1,1
1,0,0,0,0,1,1
0,0,0,0,0,1,1
0,0,0,0,0,1,1
0,0,0,0,0,1,1
0,0,0,0,0,1,1
0,0,0,0,0,1,1
0,0,0,0,0,1,1
1,0,0,0,0,1,1
1,0,0,0,0,1,1
0,0,0,0,0,1,1
0,0,0,0,0,1,1
0,0,0,0,0,1,1
0,0,0,0,0,1,1
0,0,0,0,0,1,1
0,0,0,0,0,1,1
1,0,0,0,0,1,1
0,0,0,0,0,1,1
0,0,0,0,0,1,1
0,0,0,0,0,1,1
1,0,0,0,0,1,1
0,0,0,0,0,1,1
1,0,0,0,0,1,1
0,0,0,0,0,1,1
1,0,0,0,0,1,1
0,0,0,0,0,1,1
0,0,0,0,0,1,1
1,0,0,0,0,1,1
0,0,0,0,0,1,1
1,0,0,0,0,1,1
0,0,0,0,0,1,1
1,0,0,0,0,1,1
0,0,0,0,0,1,1
0,0,0,0,0,1,1
1,0,0,0,0,1,1
0,0,0,0,0,1,1
1,0,0,0,0,1,1
0,0,0,0,0,1,1
0,0,0,0,0,1,1
0,0,0,0,0,1,1
0,0,0,0,0,1,1
0,0,0,0,0,1,1
1,0,0,0,0,1,1
0,0,0,0,0,1,1
0,1,0,0,0,1,1
1,0,0,0,0,1,1
0,0,0,0,0,1,1
0,0,0,0,0,1,1
0,0,0,0,0,1,1
0,0,0,0,0,1,1
0,0,0,0,0,1,1
0,1,0,0,0,1,1
1,0,0,0,0,1,1
0,0,0,0,0,1,1
0,0,0,0,0,1,1
1,0,0,0,0,1,1
0,0,0,0,0,1,1
0,0,0,0,0,1,1
1,0,0,0,0,1,1
1,0,0,0,0,1,1
0,0,0,0,0,1,1
0,0,0,0,0,1,1
1,0,0,0,0,1,1
0,0,0,0,0,1,1
0,0,0,0,0,1,1
1,0,0,0,0,1,1
0,0,0,0,0,1,1
0,0,0,0,0,1,1
1,0,0,0,0,1,1
0,0,0,0,0,1,1
0,0,0,0,0,1,1
1,0,0,0,0,1,1
1,0,0,0,0,1,1
0,0,0,0,0,1,1
0,1,0,0,0,1,1
0,0,0,0,0,1,1
0,0,0,0,0,1,1
0,0,0,0,0,1,1
1,0,0,0,0,1,1
0,0,0,0,0,1,1
0,0,0,0,0,1,1
0,0,0,0,0,1,1
0,0,0,0,0,1,1
0,0,0,0,0,1,1
0,0,0,0,0,1,1
0,0,0,0,0,1,1
0,0,0,0,0,1,1
1,0,0,0,0,1,1
1,0,0,0,0,1,1
0,0,0,0,0,1,1
1,0,0,0,0,1,1
0,0,0,0,0,1,1
0,0,0,0,0,1,1
1,0,0,0,0,1,1
1,0,0,0,0,1,1
1,0,0,0,0,1,1
1,0,0,0,0,1,1
0,0,0,0,0,1,1
1,0,0,0,0,1,1
0,0,0,0,0,1,1
1,0,0,0,0,1,1
1,0,0,0,0,1,1
0,0,0,0,0,1,1
0,0,0,0,0,1,1
1,0,0,0,0,1,1
1,0,0,0,0,1,1
0,0,0,0,0,1,1
0,0,0,0,0,1,1
1,0,0,0,0,1,1
0,0,0,0,0,1,1
0,0,0,0,0,1,1
0,0,0,0,0,1,1
1,0,0,0,0,1,1
0,0,0,0,0,1,1
0,0,0,0,0,1,1
0,0,0,0,0,1,1
0,0,0,0,0,1,1
0,1,0,0,0,1,1
0,0,0,0,0,1,1
1,0,0,0,0,1,1
0,0,0,0,0,1,1
0,0,0,0,0,1,1
1,0,0,0,0,1,1
1,0,0,0,0,1,1
0,0,0,0,0,1,1
0,0,0,0,0,1,1
1,0,0,0,0,1,1
0,0,0,0,0,1,1
0,0,0,0,0,1,1
1,0,0,0,0,1,1
0,0,0,0,0,1,1
0,0,0,0,0,1,1
1,0,0,0,0,1,1
1,0,0,0,0,1,1
0,0,0,0,0,1,1
0,0,0,0,0,1,1
1,0,0,0,0,1,1
0,0,0,0,0,1,1
0,0,0,0,0,1,1
1,0,0,0,0,1,1
0,0,0,0,0,1,1
0,0,0,0,0,1,1
0,0,0,0,0,1,1
0,0,0,0,0,1,1
1,0,0,0,0,1,1
0,0,0,0,0,1,1
0,0,0,0,0,1,1
1,0,0,0,0,1,1
1,0,0,0,0,1,1
0,1,0,0,0,1,1
0,0,0,0,0,1,1
0,0,0,0,0,1,1
0,0,0,0,0,1,1
0,0,0,0,0,1,1
0,0,0,0,0,1,1
0,0,0,0,0,1,1
0,0,0,0,0,1,1
1,0,0,0,0,1,1
0,0,0,0,0,1,1
1,0,0,0,0,1,1
1,0,0,0,0,1,1
1,0,0,0,0,1,1
0,1,0,0,0,1,1
0,0,0,0,0,1,1
1,0,0,0,0,1,1
0,0,0,0,0,1,1
0,1,0,0,0,1,1
0,0,0,0,0,1,1
0,0,0,0,0,1,1
1,0,0,0,0,1,1
0,0,0,0,0,1,1
0,0,0,0,0,1,1
0,0,0,0,0,1,1
1,0,0,0,0,1,1
0,0,0,0,0,1,1
0,0,0,0,0,1,1
1,0,0,0,0,1,1
0,0,0,0,0,1,1
1,0,0,0,0,1,1
1,0,0,0,0,1,1
0,0,0,0,0,1,1
1,0,0,0,0,1,1
0,0,0,0,0,1,1
0,0,0,0,0,1,1
1,0,0,0,0,1,1
1,0,0,0,0,1,1
0,0,0,0,0,1,1
0,1,0,0,0,1,1
0,0,0,0,0,1,1
0,0,0,0,0,1,1
1,0,0,0,0,1,1
0,0,0,0,0,1,1
0,0,0,0,0,1,1
0,0,0,0,0,1,1
1,0,0,0,0,1,1
0,0,0,0,0,1,1
1,0,0,0,0,1,1
0,0,0,0,0,1,1
0,1,0,0,0,1,1
0,1,0,0,0,1,1
1,0,0,0,0,1,1
1,0,0,0,0,1,1
0,0,0,0,0,1,1
0,0,0,0,0,1,1
0,1,0,0,0,1,1
0,0,0,0,0,1,1
0,0,0,0,0,1,1
0,0,0,0,0,1,1
0,0,0,0,0,1,1
0,0,0,0,0,1,1
1,0,0,0,0,1,1
0,0,0,0,0,1,1
1,0,0,0,0,1,1
0,0,0,0,0,1,1
1,0,0,0,0,1,1
0,0,0,0,0,1,1
1,0,0,0,0,1,1
1,0,0,0,0,1,1
1,0,0,0,0,1,1
1,0,0,0,0,1,1
1,0,0,0,0,1,1
0,0,0,0,0,1,1
0,0,0,0,0,1,1
0,0,0,0,0,1,1
1,0,0,0,0,1,1
0,0,0,0,0,1,1
1,0,0,0,0,1,1
1,0,0,0,0,1,1
1,0,0,0,0,1,1
0,0,0,0,0,1,1
1,0,0,0,0,1,1
0,0,0,0,0,1,1
0,0,0,0,0,1,1
1,0,0,0,0,1,1
0,0,0,0,0,1,1
1,0,0,0,0,1,1
1,0,0,0,0,1,1
0,0,0,0,0,1,1
1,0,0,0,0,1,1
0,0,0,0,0,1,1
0,0,0,0,0,1,1
0,0,0,0,0,1,1
1,0,0,0,0,1,1
0,0,0,0,0,1,1
0,0,0,0,0,1,1
1,0,0,0,0,1,1
1,0,0,0,0,1,1
0,0,0,0,0,1,1
0,0,0,0,0,1,1
1,0,0,0,0,1,1
0,0,0,0,0,1,1
1,0,0,0,0,1,1
0,1,0,0,0,1,1
0,0,0,0,0,1,1
1,0,0,0,0,1,1
1,0,0,0,0,1,1
1,0,0,0,0,1,1
1,0,0,0,0,1,1
0,0,0,0,0,1,1
0,0,0,0,0,1,1
0,0,0,0,0,1,1
0,0,0,0,0,1,1
0,0,0,0,0,1,1
1,0,0,0,0,1,1
1,0,0,0,0,1,1
0,0,0,0,0,1,1
1,0,0,0,0,1,1
0,0,0,0,0,1,1
1,0,0,0,0,1,1
0,0,0,0,0,1,1
0,0,0,0,0,1,1
0,1,0,0,0,1,1
0,0,0,0,0,1,1
1,0,0,0,0,1,1
0,0,0,0,0,1,1
1,0,0,0,0,1,1
0,0,0,0,0,1,1
1,0,0,0,0,1,1
1,0,0,0,0,1,1
0,0,0,0,0,1,1
1,0,0,0,0,1,1
0,1,0,0,0,1,1
0,0,0,0,0,1,1
0,0,0,0,0,1,1
0,0,0,0,0,1,1
1,0,0,0,0,1,1
0,0,0,0,0,1,1
0,0,0,0,0,1,1
0,0,0,0,0,1,1
0,0,0,0,0,1,1
0,0,0,0,0,1,1
1,0,0,0,0,1,1
1,0,0,0,0,1,1
1,0,0,0,0,1,1
1,0,0,0,0,1,1
0,0,0,0,0,1,1
0,0,0,0,0,1,1
1,0,0,0,0,1,1
0,0,0,0,0,1,1
0,0,0,0,0,1,1
0,0,0,0,0,1,1
0,0,0,0,0,1,1
0,1,0,0,0,1,1
1,0,0,0,0,1,1
0,0,0,0,0,1,1
1,0,0,0,0,1,1
1,0,0,0,0,1,1
1,0,0,0,0,1,1
1,0,0,0,0,1,1
1,0,0,0,0,1,1
0,0,0,0,0,1,1
1,0,0,0,0,1,1
0,0,0,0,0,1,1
1,0,0,0,0,1,1
1,0,0,0,0,1,1
1,0,0,0,0,1,1
0,0,0,0,0,1,1
0,0,0,0,0,1,1
0,0,0,0,0,1,1
1,0,0,0,0,1,1
0,0,0,0,0,1,1
0,0,0,0,0,1,1
0,0,0,0,0,1,1
0,0,0,0,0,1,1
1,0,0,0,0,1,1
1,0,0,0,0,1,1
0,0,0,0,0,1,1
0,0,0,0,0,1,1
0,0,0,0,0,1,1
0,0,0,0,0,1,1
0,1,0,0,0,1,1
0,0,0,0,0,1,1
0,0,0,0,0,1,1
0,0,0,0,0,1,1
0,0,0,0,0,1,1
1,0,0,0,0,1,1
1,0,0,0,0,1,1
0,0,0,0,0,1,1
1,0,0,0,0,1,1
0,0,0,0,0,1,1
1,0,0,0,0,1,1
1,0,0,0,0,1,1
0,0,0,0,0,1,1
0,0,0,0,0,1,1
1,0,0,0,0,1,1
0,0,0,0,0,1,1
0,0,0,0,0,1,1
0,0,0,0,0,1,1
0,0,0,0,0,1,1
0,0,0,0,0,1,1
0,0,0,0,0,1,1
1,0,0,0,0,1,1
0,0,0,0,0,1,1
0,0,0,0,0,1,1
0,0,0,0,0,1,1
0,0,0,0,0,1,1
1,0,0,0,0,1,1
1,0,0,0,0,1,1
0,0,0,0,0,1,1
0,0,0,0,0,1,1
0,1,0,0,0,1,1
1,0,0,0,0,1,1
0,0,0,0,0,1,1
0,0,0,0,0,1,1
0,0,0,0,0,1,1
0,0,0,0,0,1,1
0,0,0,0,0,1,1
0,0,0,0,0,1,1
0,0,0,0,0,1,1
0,0,0,0,0,1,1
0,0,0,0,0,1,1
0,0,0,0,0,1,1
0,0,0,0,0,1,1
1,0,0,0,0,1,1
0,0,0,0,0,1,1
0,0,0,0,0,1,1
0,0,0,0,0,1,1
0,0,0,0,0,1,1
0,0,0,0,0,1,1
1,0,0,0,0,1,1
0,0,0,0,0,1,1
1,0,0,0,0,1,1
0,1,0,0,0,1,1
0,0,0,0,0,1,1
0,0,0,0,0,1,1
0,0,0,0,0,1,1
1,0,0,0,0,1,1
0,0,0,0,0,1,1
0,0,0,0,0,1,1
1,0,0,0,0,1,1
0,0,0,0,0,1,1
1,0,0,0,0,1,1
0,0,0,0,0,1,1
1,0,0,0,0,1,1
0,0,0,0,0,1,1
1,0,0,0,0,1,1
0,0,0,0,0,1,1
0,0,0,0,0,1,1
0,0,0,0,0,1,1
0,0,0,0,0,1,1
0,0,0,0,0,1,1
0,1,0,0,0,1,1
0,0,0,0,0,1,1
1,0,0,0,0,1,1
1,0,0,0,0,1,1
0,0,0,0,0,1,1
0,0,0,0,0,1,1
0,0,0,0,0,1,1
0,0,0,0,0,1,1
1,0,0,0,0,1,1
0,0,0,0,0,1,1
1,0,0,0,0,1,1
0,0,0,0,0,1,1
0,0,0,0,0,1,1
0,0,0,0,0,1,1
0,0,0,0,0,1,1
1,0,0,0,0,1,1
0,0,0,0,0,1,1
0,0,0,0,0,1,1
1,0,0,0,0,1,1
1,0,0,0,0,1,1
1,0,0,0,0,1,1
0,0,0,0,0,1,1
1,0,0,0,0,1,1
0,0,0,0,0,1,1
1,0,0,0,0,1,1
0,0,0,0,0,1,1
0,0,0,0,0,1,1
0,0,0,0,0,1,1
0,0,0,0,0,1,1
1,0,0,0,0,1,1
0,0,0,0,0,1,1
1,0,0,0,0,1,1
0,0,0,0,0,1,1
0,0,0,0,0,1,1
1,0,0,0,0,1,1
0,0,0,0,0,1,1
0,0,0,0,0,1,1
1,0,0,0,0,1,1
1,0,0,0,0,1,1
1,0,0,0,0,1,1
0,0,0,0,0,1,1
0,0,0,0,0,1,1
0,0,0,0,0,1,1
0,0,0,0,0,1,1
0,0,0,0,0,1,1
0,0,0,0,0,1,1
1,0,0,0,0,1,1
1,0,0,0,0,1,1
1,0,0,0,0,1,1
1,0,0,0,0,1,1
1,0,0,0,0,1,1
1,0,0,0,0,1,1
0,0,0,0,0,1,1
0,0,0,0,0,1,1
1,0,0,0,0,1,1
0,0,0,0,0,1,1
1,0,0,0,0,1,1
0,0,0,0,0,1,1
0,0,0,0,0,1,1
0,1,0,0,0,1,1
0,1,0,0,0,1,1
0,0,0,0,0,1,1
1,0,0,0,0,1,1
1,0,0,0,0,1,1
1,0,0,0,0,1,1
1,0,0,0,0,1,1
0,0,0,0,0,1,1
1,0,0,0,0,1,1
0,0,0,0,0,1,1
0,0,0,0,0,1,1
0,1,0,0,0,1,1
0,0,0,0,0,1,1
